O_Trip,D_Trip,T_Trip,Capacity,Int_points,Grocery,School,Hospital,Transit,Pop,Pec_Whi,Med_age,HH_2010,HH_ACS,Pec_01_V,Income,T_work,Emp_rate,WBN_len,WBN_des,BN_len,BN_des,Crash,Crime,UndSer_Lvl,UndSer_Cod
12741,13501,26242,39,66,1,1,2,6,4166.310059,78.7101974,33.2136002,2298.149902,2145.76001,82.3752975,63747.30078,3000.169922,94.3122025,5463.515547,108.6931882,3587.177585,71.36463056,44,209,Adequately served,1
4862,4887,9749,19,109,3,2,1,10,3874.899902,54.1225014,36.2196007,2072.120117,1977.170044,84.572197,53274.60156,2089.729981,92.6632004,7229.825896,143.8328161,5376.683455,106.9657187,60,235,Moderately served,0
8479,8698,17177,15,124,4,6,1,4,1646.900024,59.7983017,35.5379982,743.6859741,813.7529907,74.0157013,102627,1084.969971,93.751297,6582.056495,130.9458534,2868.842898,57.07381602,67,396,Moderately served,0
4661,4336,8997,15,73,1,4,1,4,5202.700195,83.2258987,29.9225998,2198.729981,2216.26001,61.5335007,111271,3957.76001,96.9708023,6111.774094,121.5898823,257.5847087,5.124484956,68,156,Adequately served,1
14618,14643,29261,15,264,2,6,6,11,9144.610352,82.0065994,32.4164009,5872.029785,5627.649902,88.7790985,79004.70313,6593.850098,96.1169968,7971.81185,158.5941577,2654.679739,52.81317536,83,406,Moderately served,0
21551,21476,43027,19,223,1,0,0,3,300.8330078,28.9487,33.7000008,130.6690063,120,88,67027,145.4989929,98.5438995,5772.317346,114.8366048,431.0005281,8.574483066,4,30,Moderately served,0
8414,7890,16304,15,68,0,18,66,13,693.9840088,41.7265015,26.4321995,192.0619965,173.121994,72.6993027,32320.09961,361.1260071,91.7680969,3734.194294,74.28943505,4185.599451,83.26985531,46,203,Moderately served,0
5580,5142,10722,15,172,0,1,1,4,4814.75,87.3608017,31.8339996,2244.840088,2237.280029,64.4842987,104557,3135.199951,96.5061035,7452.022294,148.253273,3450.640823,68.64831797,26,155,Adequately served,1
791,965,1756,15,105,4,3,5,10,3011.600098,37.6607018,27.9871006,933.1370239,844.9580078,77.5912018,29596.40039,1375.550049,81.5283966,6166.732204,122.6832391,2083.941913,41.45870707,39,346,Moderately served,0
10419,9839,20258,15,143,1,8,3,4,5530.450195,86.1910019,28.5086002,2874.090088,2656.060059,81.4219971,99824.70313,4077.179932,96.1326981,5854.623772,116.4740392,2721.969128,54.15185522,46,362,Moderately served,0
5021,5316,10337,15,52,1,6,1,18,3764.050049,83.5213013,33.4762993,1733.410034,1734.02002,66.6128006,72850.29688,2585.77002,94.6981964,5324.168267,105.9209622,2344.530693,46.64295613,66,167,Moderately served,0
10600,10705,21305,15,25,1,4,1,10,6635.759766,85.6925964,30.0508995,3881.25,3577.189941,87.1798019,88363.5,5733.77002,96.7733002,4824.485255,95.98008452,1314.834866,26.15780853,64,685,Moderately served,0
10687,12169,22856,15,10,2,5,0,13,9016.55957,82.8934021,31.2798996,5768.290039,5608.169922,87.3955002,61451.30078,7208.839844,96.2309036,4052.290536,80.61775871,782.7612298,15.57253987,101,678,Moderately served,0
2582,2202,4784,15,42,1,5,1,7,3903.199951,80.536499,32.971199,2138.570068,2142.610107,78.4713974,68108.20313,2855.790039,93.2434998,5295.291501,105.3464772,58.74052367,1.168605588,51,141,Moderately served,0
5979,6037,12016,15,54,3,7,2,12,5876.359863,60.8353004,41.0131989,3187.540039,3190.439941,86.3578033,52701.10156,3346.219971,89.9639969,5354.004834,106.5145418,2208.076113,43.92827852,106,387,Moderately served,0
4553,4679,9232,15,37,9,4,2,8,6315.490234,43.5994987,37.5133018,2977.429932,3017.469971,87.6109009,34631,3227.780029,88.9223022,4569.670249,90.91070106,781.7897109,15.55321212,74,386,Underserved,-1
2763,2510,5273,11,17,0,0,0,7,2625.699951,85.2951965,32.0525017,1311.540039,1217.040039,73.0427017,102406,1954.290039,96.6130981,2774.046977,55.1879111,1968.217345,39.15643994,45,93,Moderately served,0
4695,4939,9634,19,57,12,9,3,11,7597.660156,41.4323006,38.3745003,3316.679932,3366.600098,84.5914001,33266.5,3976.169922,84.6559982,5235.088979,104.1487861,1811.229543,36.03326685,57,847,Moderately served,0
4061,3860,7921,15,178,0,3,2,2,5145.830078,60.6906013,31.2745991,2062,2119.419922,75.0714035,44421.30078,3096.350098,89.7257004,7475.7695,148.7257087,3689.989108,73.4100008,36,225,Moderately served,0
13822,13026,26848,19,70,2,8,2,14,7963.189941,76.0879974,35.7485008,5081.25,4696.450195,88.3794022,77963.39844,5421.709961,91.3658981,4604.057189,91.59480748,3090.042467,61.47444162,67,742,Moderately served,0
23372,24420,47792,15,121,7,7,11,27,8900.790039,69.407402,33.5517006,5645.680176,5583.990234,91.0329971,90100.89844,5918.990234,93.2530975,2769.014407,55.0877913,3023.184706,60.14434873,348,2620,Moderately served,0
15566,16324,31890,19,188,4,3,3,7,4114.390137,67.0930023,32.1818008,2221.75,2325.850098,85.5044022,109158,3220,95.7157974,7885.669782,156.8804157,5751.662492,114.4256896,369,590,Moderately served,0
28118,19623,47741,31,1513,2,6,4,10,5898.379883,66.3356018,37.8268013,3463.360107,3820.459961,89.3520966,105230,3907.040039,95.1715012,20114.26996,400.1606863,4922.527697,97.93057693,179,760,Moderately served,0
13180,13529,26709,19,763,2,15,18,28,4938.720215,64.2263031,32.7535019,2984.830078,2757.149902,92.3871994,89517.10156,2839.530029,92.9671021,10623.34264,211.3446866,4080.660564,81.18216249,363,1981,Moderately served,0
11563,11740,23303,19,925,3,44,26,30,2954.689941,68.5427017,37.4804001,1397.050049,1417.930054,92.9037018,102168,1796.819946,91.8853989,12546.17716,249.598264,4168.869879,82.93703105,247,3652,Moderately served,0
11502,11072,22574,19,329,5,9,11,27,7725.759766,65.485199,33.3147011,4951.319824,5456.709961,91.0493011,87002.29688,5600.339844,94.1567001,5002.2182,99.51596913,3310.51846,65.86067215,395,1621,Moderately served,0
17448,12887,30335,23,941,11,11,9,28,4903.799805,51.3763008,29.4578991,2839.409912,2783.070068,97.0327988,82671,3365.139893,91.3731995,14175.2882,282.0083984,8008.452292,159.3230961,233,682,Moderately served,0
7810,7499,15309,15,131,0,1,0,2,4738.799805,84.9720993,32.1904984,2022.560059,1988.719971,58.5390015,136557,3150.179932,95.9848022,5902.580581,117.4281096,1826.671024,36.34046537,62,130,Moderately served,0
663,657,1320,15,48,0,8,0,14,1663.910034,13.7602997,38.7780991,963.2390137,1247.040039,86.2708969,34075.80078,1310.050049,79.2718964,3136.62309,62.40113368,296.5218323,5.899114419,95,373,Underserved,-1
33350,30436,63786,47,952,6,12,7,26,4929.279785,51.1416016,29.9011002,2836.330078,2709.550049,96.5407028,87372.39844,3242.98999,91.4787979,14736.82969,293.1799114,7034.623824,139.9493943,224,716,Moderately served,0
130,141,271,15,56,1,6,3,10,2176.23999,0.972605,38.4350014,831.8720093,867.2940063,84.1412964,21679.30078,1079.369995,63.6824989,5575.776103,110.9265411,2203.566093,43.83855451,81,553,Underserved,-1
497,539,1036,11,109,0,7,0,9,2520.530029,3.1625199,36.9048004,1119.609985,1135.040039,83.4658966,40090.60156,1287.380005,80.8872986,4977.616043,99.02652477,1458.375387,29.01345646,27,357,Moderately served,0
2698,2771,5469,11,88,0,3,1,17,1958.209961,16.7856007,42.9369011,819.2670288,801.809021,77.0644989,62705.89844,999.6019897,83.9449005,4360.255235,86.74452173,1404.826568,27.94813655,45,260,Moderately served,0
9136,9512,18648,23,132,2,5,1,12,5836.720215,53.5074005,34.1772995,2922.959961,3218.479981,87.2341995,77806.60156,4498.080078,94.0848999,5181.738186,103.0874058,4677.576405,93.05742582,64,440,Moderately served,0
2130,2266,4396,15,170,3,9,0,6,4597.370117,34.4501991,31.4624004,1951.150024,2023.300049,79.9149017,39842.60156,2408.590088,82.0457001,8065.893477,160.4658522,2149.615617,42.7652439,35,316,Moderately served,0
1488,1704,3192,15,56,2,5,1,6,926.9559937,24.5615005,34.1743011,445.3380127,504.8680115,87.4375992,37414.80078,526.2620239,88.8584976,4470.661145,88.94097752,1280.569754,25.47612579,48,190,Moderately served,0
3278,3149,6427,11,203,1,3,1,8,3902.229981,47.4105988,31.5536003,1363.540039,1413.439941,76.2031021,37411.80078,2031.199951,89.5635986,8062.7162,160.4026422,1707.081115,33.96129971,114,397,Moderately served,0
4086,4030,8116,15,139,1,5,0,7,2836.610107,71.1408005,32.4029999,1327.150024,1232.719971,68.9890976,78337.70313,1949.979981,91.581398,7853.428384,156.2389934,3241.153356,64.48069724,72,221,Moderately served,0
1371,1307,2678,15,40,2,3,1,6,3466.449951,59.1236992,35.1495018,1331.630005,1286.640015,63.6147003,57483.80078,1755.420044,86.2947006,4567.202675,90.86161024,106.4623613,2.118001382,45,121,Moderately served,0
1146,1213,2359,15,89,1,0,0,8,3058.459961,57.8465996,33.7879982,1198.109985,1208.329956,67.7399979,44429.10156,1626.02002,86.5541,6214.039387,123.6243856,2411.503691,47.97534158,67,153,Adequately served,1
1620,1438,3058,15,72,4,7,0,9,6109.75,49.2064018,31.6028004,2356.870117,2354.209961,80.5820999,42690.69922,3576.199951,92.5518036,5177.396232,103.0010253,4075.184621,81.07322205,36,276,Moderately served,0
475,463,938,15,103,1,1,0,0,2898.76001,44.7957993,35.1650009,1070.170044,1052.319946,70.3611984,43926.80078,1578.650024,89.9354019,5956.026937,118.491391,1220.835527,24.2877511,29,128,Moderately served,0
148,240,388,15,82,4,8,1,7,6511.540039,44.4782982,28.0916996,1748.310059,1664.150024,65.3373032,32473.80078,2833.340088,86.7341995,6571.159233,130.7290592,3445.095533,68.53799793,52,305,Adequately served,1
673,558,1231,15,135,2,10,1,7,5282.490234,39.9210014,27.4570007,1429.630005,1425.439941,73.1885986,30438.69922,2596.090088,78.7369003,7503.443236,149.2762602,3149.665411,62.66060241,32,363,Moderately served,0
149,212,361,15,72,7,10,2,4,6903.939941,42.4910011,26.0963001,1872.699951,1748.859985,72.6585007,28804.69922,2918.560059,86.2835999,6276.965402,124.8762589,1393.753999,27.7278548,21,517,Moderately served,0
21,25,46,15,80,3,5,0,5,4994.479981,29.3353996,27.7805996,1279.920044,1227.27002,62.6152992,34725.89844,2181.429932,84.1794968,6281.399651,124.9644755,939.2507766,18.68580049,29,398,Moderately served,0
2596,2824,5420,15,70,4,5,1,19,7647.169922,52.4968987,34.0736008,4075.209961,4295.060059,89.107399,33100.60156,5217.330078,93.3407974,5441.355966,108.2523374,1818.221174,36.17236093,40,440,Moderately served,0
175,190,365,15,7,1,3,0,4,1376.939941,40.6525002,29.9099007,287.3760071,271.1870117,69.8404999,25327,407.8670044,88.120697,1626.468921,32.35757107,942.537252,18.75118284,29,26,Moderately served,0
178,170,348,19,85,2,2,0,9,3833,38.8060989,28.9115009,643.4260254,670.5360107,78.4279022,27443.90039,1194.880005,80.5927963,5450.334669,108.430963,4962.667793,98.72913877,27,281,Moderately served,0
145,157,302,19,102,8,3,2,6,5138.930176,41.9446983,27.4197006,1120.25,1048.439941,75.9789963,26204.19922,1849.910034,84.0621033,6966.804367,138.6001691,3748.58788,74.57578633,40,371,Moderately served,0
7334,7418,14752,19,514,0,16,0,10,909.1119995,66.4676971,27.0678997,380.2520142,397.0400085,77.6542969,101952,811.2739868,91.3436966,12205.41514,242.8190191,6403.472626,127.3930402,260,63,Moderately served,0
4813,4426,9239,19,438,0,18,0,16,1839.560059,63.3843002,28.6830997,839.1199951,826.9099731,75.7713013,90339.89844,1398.069946,91.7826004,10788.73967,214.6351559,5592.429648,111.2578528,313,132,Moderately served,0
369,378,747,11,78,1,0,0,12,2737.169922,1.31177,34.6595001,1269.959961,1210.949951,83.2544022,19123.5,1235.660034,71.7582016,5601.648226,111.4412506,2125.019656,42.2759228,71,610,Underserved,-1
1902,2739,4641,15,58,1,2,0,10,904.5109863,57.355999,26.4361,325.6080017,330.2720032,75.8831024,102128,680.6090088,89.723999,4151.353419,82.58855214,4202.522794,83.60653452,200,578,Moderately served,0
16762,18624,35386,23,152,2,7,6,17,3839.959961,62.5979004,32.1078987,1941.089966,2302.25,90.6255035,93632.10156,2975.459961,96.033699,4816.097631,95.81321805,4119.703849,81.95890396,157,657,Moderately served,0
1064,1055,2119,23,98,0,0,0,1,557.8599854,2.5469401,37.1716995,258.8599854,251.0460052,94.5653992,16690,157.0879974,88.7471008,4733.696412,94.17389788,3854.150765,76.67589321,35,20,Underserved,-1
11202,10797,21999,27,107,4,21,13,28,10664.2002,74.2862015,36.1559982,6438.950195,6396.560059,91.3694,81605.20313,7199.149902,93.4671021,4321.896375,85.98139646,3365.380785,66.95212342,199,1670,Moderately served,0
9303,9078,18381,23,461,4,6,7,23,4536.899902,56.4063988,30.1371994,2706.229981,2532.070068,93.6443024,97506.20313,3131.590088,92.6316986,9445.806762,187.9183547,7147.37444,142.1924965,469,529,Moderately served,0
11611,11648,23259,23,719,4,60,15,32,2082.889893,64.4135971,29.1364994,596.1209717,717.8270264,90.7457962,116361,1214.810059,91.6491013,9984.579098,198.6368898,3386.639335,67.37504884,169,2997,Moderately served,0
14764,14384,29148,27,728,2,17,8,33,3142.570068,61.280899,30.1016006,1640.26001,1732.569946,94.8469009,82815,2202.129883,93.536499,10280.37505,204.5215633,6605.376815,131.4097964,300,2717,Moderately served,0
13814,13691,27505,27,474,5,56,5,35,2869.060059,60.9417,26.9792004,935.8359985,1066.209961,89.9714966,104835,1723.209961,92.9973984,7875.783188,156.6837281,6007.142507,119.508303,222,2004,Moderately served,0
4402,4059,8461,19,224,1,6,0,14,2511.780029,57.8470993,27.8666992,1051.01001,970.6389771,74.1326981,63872.60156,1479.479981,90.0899963,7422.305472,147.6620756,4293.960033,85.42562058,273,221,Moderately served,0
15120,14955,30075,23,84,1,6,5,18,5882.52002,71.4748001,30.0512009,3085.139893,3446.5,93.3454971,72646.70313,4426.459961,93.8731003,4656.834207,92.6447729,4673.698143,92.98027025,174,679,Moderately served,0
5168,4426,9594,15,77,4,5,2,8,6553.930176,63.5015984,31.5415001,2911.48999,2720.860107,73.3156967,82084.20313,4386.850098,90.9325027,6327.634088,125.8842804,1208.459516,24.0415382,70,381,Moderately served,0
16796,15455,32251,19,370,6,49,9,41,2048.52002,53.5780983,27.1833,653.4819946,833.7810059,95.3986969,89629.20313,1284.099976,94.2746964,6750.605612,134.2990315,6504.559807,129.4041057,186,3000,Moderately served,0
24751,21935,46686,31,664,9,15,5,29,2771.610107,51.592701,32.0876007,1147.280029,1302.579956,93.4188995,91040.39844,1749.869995,92.8800964,9864.67016,196.2513772,4137.817384,82.31926128,256,697,Moderately served,0
90033,99465,189498,47,429,0,2,2,7,2986.5,69.4581985,37.2795982,1844.180054,1962.189941,87.5906982,104076,1900.189941,93.4192963,8915.476686,177.3677731,5892.149229,117.2205844,154,260,Moderately served,0
9021,9338,18359,15,371,0,1,0,4,2289.949951,82.572197,32.9323006,1573.609985,1443.890015,95.9348984,57775.30078,1473.959961,96.9797974,11041.87852,219.6711935,9850.448532,195.9684469,133,182,Moderately served,0
273,180,453,19,167,3,4,1,6,3674.820068,6.97334,29.0541,1148.589966,1019.340027,77.6069031,26952.90039,1296.400024,78.344902,8290.622311,164.9366903,3224.199541,64.1434118,63,614,Moderately served,0
376,250,626,15,64,5,7,1,6,3455.840088,21.9034004,32.0141983,1125.469971,1090.060059,79.3532028,24905.90039,1190.530029,82.9228973,5565.210031,110.7163357,0,0,30,490,Moderately served,0
560,540,1100,15,89,1,2,0,8,1680.189941,9.8196001,30.0816994,413.8850098,382.5450134,76.8095016,28030.90039,627.9520264,73.7611008,5358.268063,106.5993561,1295.369104,25.7705495,27,421,Moderately served,0
690,808,1498,19,268,0,2,15,10,1282.619995,16.4409008,32.1710014,333.4960022,366.7630005,71.2061996,35203,630.2960205,76.6174011,10152.66403,201.9808332,2332.143222,46.39651522,52,258,Moderately served,0
1801,1903,3704,19,99,1,3,0,12,1378.599976,40.9067993,30.2950001,518.5540161,514.5930176,75.4047012,55755.19922,799.28302,90.8470993,5605.225096,111.5124101,3302.080726,65.69280876,75,246,Moderately served,0
900,913,1813,15,83,2,2,1,11,2351.280029,2.68437,27.9909992,823.4229736,817.4650269,89.1052017,19453.30078,666.4539795,74.3035965,5657.05503,112.5435339,158.197191,3.147233117,56,719,Underserved,-1
1734,1872,3606,15,97,10,6,1,10,6477.080078,47.4748001,31.3467999,2443.699951,2404.419922,79.257103,41388.60156,3815.01001,89.814003,6087.045091,121.0979144,2794.45117,55.59383963,45,312,Moderately served,0
219,211,430,15,32,4,6,0,11,2622.560059,4.5067902,30.4906006,757.5750122,709.6140137,79.7427979,27250,748.0280151,82.4425964,3908.754536,77.76220073,0,0,133,558,Moderately served,0
157,166,323,15,43,4,0,0,11,2441.780029,0.497987,31.4943008,909.0679932,853.5300293,92.0634995,17626.40039,701.1459961,66.3628006,4594.317756,91.40104762,1627.790841,32.38386983,43,961,Underserved,-1
107,140,247,15,73,0,1,0,8,3504.419922,0.94037,32.3683014,1330.640015,1189.589966,88.6900024,19345.19922,1078.300049,66.0445023,6704.505302,133.381895,3170.971424,63.08447207,28,698,Underserved,-1
2713,2841,5554,11,249,1,3,2,15,4230.75,41.196701,36.206501,1584.680054,1750.280029,69.7975006,40499.89844,2682.300049,86.6059036,7557.249418,150.3467001,2820.857552,56.11917789,53,275,Moderately served,0
8583,8361,16944,15,173,0,2,0,2,3504.449951,49.7452011,33.7594986,1719.670044,1854.199951,88.2172012,75137.70313,2565.429932,94.4785004,6433.978665,127.9999385,5064.233905,100.7497324,101,166,Moderately served,0
681,667,1348,15,33,2,3,0,14,3932.100098,4.6968999,38.976799,1868,1875.339966,88.5602036,23790.09961,1594.670044,84.3060989,4778.451918,95.06428038,2574.164861,51.21138274,50,632,Underserved,-1
16373,16604,32977,19,103,2,5,0,13,8320.540039,81.9539032,37.0806007,5511.990234,5284.310059,89.2477036,54517.19922,5667.160156,95.115097,4944.450986,98.3667269,3467.805343,68.98979525,163,189,Moderately served,0
10722,9629,20351,19,77,3,16,13,26,9517.919922,72.6014023,33.6897011,5720.109863,5809.419922,93.2602005,70919.70313,6761.27002,92.7593002,3542.743001,70.4806326,4263.722464,84.82406327,208,1160,Moderately served,0
871,957,1828,15,66,2,5,1,8,4161.709961,2.4514,40.2986984,1828.76001,1848.469971,92.7005005,21981.5,1554.949951,77.0167007,4837.513726,96.23927772,2990.94418,59.50294384,55,565,Underserved,-1
11442,12524,23966,19,118,3,16,7,10,1098.589966,60.3941002,32.1470985,555.5139771,614.375,79.7893982,98937.20313,784.7589722,96.3735962,5320.534798,105.8486766,1860.83276,37.0200915,86,881,Moderately served,0
2560,2589,5149,19,78,1,8,2,15,4076.959961,88.1660995,30.9431,1973.199951,1911.02002,72.6950989,94848.60156,3051.209961,97.332901,6625.515532,131.8104434,1605.255217,31.93553784,55,150,Moderately served,0
5933,5916,11849,15,118,2,8,1,10,5353.140137,72.1830978,29.3362007,2494.389893,2454.919922,74.7429962,74474,4193.879883,95.430397,6900.819614,137.2874441,741.7817289,14.75727861,113,524,Moderately served,0
7836,8755,16591,20,201,4,5,20,14,6269.600098,82.3320999,29.1623993,3364.379883,3229.870117,85.3244019,90923.10156,4696.430176,96.8564987,6525.100137,129.8127426,3852.959617,76.65219606,69,555,Moderately served,0
20368,18213,38581,31,232,2,1,1,2,4519.009766,69.6434021,38.8751984,2780.969971,2746.5,92.017601,100189,2886.98999,95.8908997,6094.041758,121.2371086,4531.200858,90.14537683,89,88,Moderately served,0
16182,15800,31982,19,368,1,5,14,12,5125.620117,68.222702,35.9266014,3192.360107,3441.300049,89.1172028,96760.60156,3418.570068,90.5752029,8054.682571,160.2428183,6649.501616,132.2876314,200,445,Moderately served,0
15215,13763,28978,15,676,6,25,13,33,1974.479981,51.7435989,27.0543003,722.3740234,914.1810303,97.6621017,72991.5,1337.910034,96.1044006,9024.705733,179.5408159,7696.343846,153.1138959,261,2781,Moderately served,0
47119,43911,91030,31,385,9,5,5,17,5109.100098,54.4136009,29.3896999,3010.719971,3170.189941,95.5951004,83084,4029.219971,92.6589966,8713.763496,173.3548167,7992.737805,159.0104663,212,570,Moderately served,0
37445,40062,77507,35,826,2,42,19,23,2714.199951,69.9554977,37.4034996,1111.140015,1171.380005,91.4224014,111014,1627.790039,90.6938019,13317.73105,264.9478408,2413.247179,48.01002719,202,2530,Moderately served,0
8895,8746,17641,15,62,4,3,3,7,2640.139893,90.8494034,29.9326,1310.550049,1371.77002,71.1420975,127973,2242.909912,96.8594971,4993.749486,99.3474894,1344.323321,26.74446271,100,369,Moderately served,0
6209,5609,11818,19,177,0,2,1,11,2366.830078,68.4192963,32.8064003,1166.219971,1233.660034,72.6552963,96545.5,1767.680054,94.2712021,7367.523246,146.5722179,3287.415854,65.40106039,365,261,Moderately served,0
461,396,857,15,94,0,8,0,8,472.0299988,2.9028599,36.5391998,221.8130035,206.3379974,90.0149994,19811.19922,150.7189941,83.4347992,5923.814312,117.8505412,5286.381814,105.1692246,45,184,Underserved,-1
21581,22650,44231,19,399,1,2,0,11,3803.459961,80.5899963,34.1002007,2104.169922,2001.339966,86.8721008,77796.10156,2379.620117,93.3755035,10989.34507,218.6260737,5546.8468,110.3510109,45,352,Moderately served,0
14845,13450,28295,35,520,0,0,0,3,2682.01001,44.5415001,35.6851006,1388.75,1486.630005,85.0683975,78527.60156,1791.219971,95.8662033,10529.91212,209.4859456,4512.679038,89.77689694,136,136,Moderately served,0
9950,8911,18861,23,217,7,4,3,14,4808.830078,59.2571983,31.5226994,2505.850098,3055.949951,91.7210999,98354.60156,4227.680176,95.7757034,6483.174497,128.9786585,8001.194394,159.1787048,443,589,Moderately served,0
4698,4284,8982,15,50,1,7,1,8,3835.830078,80.2795029,32.4118004,2134.590088,2252.820068,80.5755005,66365.60156,3049.560059,92.4636993,5743.576236,114.2648186,411.0743568,8.178064482,26,130,Moderately served,0
5282,5646,10928,19,90,5,10,1,13,4019,82.3296967,33.8400002,2063.530029,2035.51001,72.9548035,73458.5,3154.570068,93.1563034,6133.826337,122.0285977,3492.717775,69.48541234,99,281,Moderately served,0
4297,4204,8501,19,36,1,3,1,6,3702.02002,74.4266968,33.596199,1994.630005,1906.890015,80.8802032,66969.29688,2477.729981,92.510498,3587.671909,71.37446482,1067.316622,21.23358952,52,189,Moderately served,0
2521,2263,4784,15,69,3,7,2,5,6823.399902,52.6486015,30.3946991,3366.5,3249.600098,83.6020966,75597.79688,4365.310059,88.6013031,5538.576237,110.1864732,543.9774466,10.82208744,35,564,Underserved,-1
5178,4977,10155,15,56,0,3,0,9,1723.920044,7.0450001,33.7971001,1015.159973,958.4459839,86.9059982,42528.5,885.2860107,85.8620987,4248.864298,84.52846944,1674.841767,33.31991826,19,180,Moderately served,0
9449,9990,19439,19,113,2,3,6,15,4448.129883,87.1821976,31.1760006,2227.120117,2032.459961,75.1444016,96898.89844,3241.76001,96.9925995,7328.523816,145.7963489,821.7268011,16.34773528,64,174,Moderately served,0
8591,8963,17554,15,41,9,7,2,16,6268.890137,58.4382019,34.5803986,3613.5,3822.100098,90.5343018,37847.39844,4247.160156,89.2870026,4384.778137,87.23238937,1019.958499,20.29142961,65,578,Moderately served,0
10301,10290,20591,23,99,5,3,0,14,9645.5,80.5183029,34.0414009,6706.649902,6233.049805,89.6183014,62859.19922,7510.5,93.8318024,5063.885707,100.7428052,3957.952479,78.74096269,84,558,Moderately served,0
9027,8612,17639,15,154,7,3,0,9,3276.100098,68.7937012,32.9939003,1650.75,1703.48999,82.6745987,111638,2427.459961,97.1044006,8072.402342,160.5953419,3368.695542,67.01806841,130,578,Moderately served,0
5184,4955,10139,11,174,0,6,0,8,3285.340088,58.9355011,33.5750008,1495.050049,1573.609985,73.8609009,85058.89844,2118.370117,91.9019012,6087.250745,121.1020057,3622.772393,72.07276675,109,146,Moderately served,0
1932,1873,3805,15,29,1,3,10,12,1527.189941,13.0563002,41.7075005,959.2410278,835.625,81.7099991,33612.19922,815.7199707,80.3576965,2655.559744,52.8306825,2225.955583,44.28397927,60,212,Moderately served,0
12599,12165,24764,15,94,2,7,0,8,4238.529785,86.8059006,30.6748009,2274.070068,2267.840088,83.5837021,90814.89844,2755.399902,95.3059006,5969.828516,118.7659647,3510.748116,69.84411458,35,365,Moderately served,0
13788,13009,26797,19,219,7,12,44,23,8524.099609,78.1054001,49.8543015,5188.879883,5123.399902,90.5639038,104563,5144.830078,93.9852982,7101.566552,141.2811776,3459.977272,68.83406073,201,1424,Moderately served,0
14260,14223,28483,31,124,2,16,71,15,7297.77002,69.4983978,38.0914993,4743.410156,5044.759766,89.9134979,91075.20313,5122.209961,89.290802,4127.395034,82.11191521,4741.666009,94.33244798,188,685,Moderately served,0
12144,11284,23428,15,228,4,8,0,8,5949.549805,84.5867996,31.6035995,3456.669922,3180.209961,89.5127029,79591.89844,3681.76001,95.9002991,8338.101748,165.8812637,6003.856522,119.4429304,43,297,Moderately served,0
16701,17754,34455,19,67,2,19,13,24,11825.2002,75.0997009,36.2336006,7037.620117,7241.359863,92.6690979,69639.89844,8032.25,93.3543015,4584.220652,91.20017212,3431.67538,68.27101248,160,1081,Moderately served,0
20598,20475,41073,23,398,4,3,1,14,4273.080078,88.3060989,33.8680992,2827.75,2766.159912,90.6083984,90858.39844,3283.659912,95.6305008,11314.31349,225.091115,6780.449584,134.8927585,67,359,Moderately served,0
4610,4968,9578,11,169,0,9,1,15,2302.52002,42.1139984,29.5727997,285.2019958,279.3280029,71.5978012,120352,898.4899902,82.8682022,6071.000401,120.7787154,1198.961882,23.85258877,27,105,Moderately served,0
3027,2737,5764,11,148,1,2,1,14,3026.530029,8.2300701,45.672699,1575.099976,1608.099976,84.3834991,37984,1570.77002,88.8895035,6473.895348,128.7940557,4217.715322,83.90878026,42,354,Underserved,-1
31089,31228,62317,27,173,1,3,0,11,4429.75,64.5337982,33.0886993,2279.659912,2660.219971,88.4747009,99514.79688,3379.939941,96.3792038,5138.422825,102.225674,4153.020015,82.62170801,104,410,Moderately served,0
1336,1617,2953,15,61,15,7,1,6,4239.979981,3.5804801,44.6694984,1375.27002,1375.630005,82.5604019,23306.30078,1909.01001,81.7222977,4689.948528,93.30356138,180.3224343,3.587400847,111,127,Moderately served,0
6229,6407,12636,15,51,1,7,7,15,4377.819824,83.7874985,30.8523006,2014.630005,1925.890015,71.5876007,103927,2961.419922,96.2322998,5283.751659,105.1168993,1103.991338,21.96320981,107,234,Moderately served,0
10834,10643,21477,15,79,3,3,0,8,4801.859863,82.1388016,30.4578991,2362.919922,2290.860107,69.3742981,95146.39844,3782.800049,93.2071991,6325.470089,125.841229,2081.614665,41.41240795,40,381,Moderately served,0
1599,1660,3259,19,106,3,5,0,6,2762.899902,56.3562012,31.2576008,957.5490112,948.4089966,66.0445023,49622,1475.98999,91.8669968,5979.543564,118.9592394,2818.164621,56.06560373,56,130,Moderately served,0
1443,1533,2976,15,80,2,0,0,7,4868.120117,54.3246002,30.1695004,1556.430054,1461.369995,64.6962967,42622.80078,2351.159912,92.0764008,6025.561303,119.8747333,1342.355803,26.70532017,51,251,Moderately served,0
1212,1251,2463,11,84,1,5,2,7,1917.650024,47.8451996,31.0247993,690.9400024,745.8629761,66.2501984,53093.30078,1186.589966,86.4569016,5807.831248,115.5431315,3877.482468,77.14006269,283,106,Moderately served,0
14433,14473,28906,19,178,3,11,4,15,3235.77002,69.0077972,31.7036991,1725.819946,1705.300049,77.3440018,119213,2468.629883,94.9108963,7823.891023,155.6513663,5682.479355,113.0493348,411,300,Moderately served,0
725,661,1386,15,98,4,7,0,1,2231.830078,52.4311981,35.6978989,774.4420166,733.3720093,53.8862,66995.89844,1177.199951,87.0518036,6416.007257,127.6424087,5179.760693,103.0480648,26,141,Moderately served,0
590,590,1180,15,60,5,2,2,8,4471.899902,59.6880989,34.4155998,1674.839966,1581.390015,72.1440964,48922,2421.340088,86.6858978,5007.197904,99.61503718,793.3663722,15.78352248,66,201,Moderately served,0
1160,1228,2388,19,81,0,5,1,12,5724.939941,58.717701,31.9032001,1972.780029,2097.360107,70.1608963,44483.60156,3399.189941,90.6551971,6394.195147,127.2084706,1597.271046,31.77669781,73,380,Moderately served,0
6043,5882,11925,15,107,1,6,2,12,4306.169922,39.4771004,30.9983997,1950.359985,1960.589966,85.5089035,65130.60156,2331.5,88.1118011,5877.423154,116.9276184,2200.725235,43.78203745,50,576,Underserved,-1
2223,2235,4458,15,56,1,2,0,4,3090.179932,53.0108986,32.714901,1084.089966,1065.650024,59.0559006,56669,1662.140015,87.7117996,4294.521965,85.43679986,1593.166274,31.69503597,63,129,Moderately served,0
1946,2088,4034,15,54,0,6,1,6,957.0780029,66.3676987,37.7669983,368.4030151,359.2659912,62.2542992,65024.89844,432.0759888,91.8853989,3026.197755,60.20429144,1833.584502,36.47800463,23,65,Moderately served,0
1709,1835,3544,15,76,0,3,0,4,3982.350098,86.321701,33.2304001,1772.119995,1862.689941,55.7717018,102428,2811.689941,96.3367996,6579.866494,130.9022847,888.4217277,17.67458869,30,98,Adequately served,1
2953,3164,6117,15,49,3,4,0,6,2771.350098,87.319603,32.6086006,1331.930054,1347.939941,54.4870987,88748.39844,1970.229981,97.3050003,4305.575582,85.6567046,985.8869716,19.61359811,45,192,Adequately served,1
20460,20128,40588,15,104,4,10,46,23,8248.209961,67.7409973,34.7737999,5366.75,5882.459961,91.0970001,87231.70313,6010.180176,92.6270981,2631.915694,52.36029905,2586.796296,51.46267717,264,1532,Moderately served,0
12181,12012,24193,23,200,8,18,79,24,9310.360352,77.5289993,46.5345001,5582.959961,5484.100098,90.1182022,102223,5486.680176,95.0995026,6118.988502,121.7334083,1843.157821,36.66845976,183,2115,Moderately served,0
25994,25747,51741,31,191,2,9,6,15,7972.649902,67.6511002,34.9341011,5026.040039,5604.640137,89.9935989,95119.60156,5683.180176,92.4299011,5417.808983,107.783885,5953.0865,118.4328929,222,622,Moderately served,0
4586,4143,8729,19,221,1,12,2,5,4609.470215,54.962101,31.6700001,2069.590088,2045.390015,74.2145004,96791.20313,2867.729981,86.7054977,6567.356727,130.6534108,874.7666138,17.40292883,46,358,Moderately served,0
9635,10755,20390,15,65,2,3,2,8,1362.329956,76.979599,31.1102009,696.6710205,787.75,75.4048004,123623,1232.189941,96.6126022,4243.964665,84.43099435,1096.425395,21.81269016,106,663,Moderately served,0
9414,9444,18858,15,81,3,2,1,9,3354.370117,61.9569016,31.0517998,1641.52002,1613.75,74.5457993,102120,2308.040039,92.0537033,5025.767747,99.98447246,4743.85194,94.37593569,339,258,Moderately served,0
6650,6607,13257,15,355,2,9,0,11,2968.149902,46.161499,27.5667,1144.609985,1065.180054,79.013298,49982.30078,1612.920044,89.5753021,11820.54222,235.1622155,4975.280686,98.9800643,60,231,Moderately served,0
4356,4224,8580,15,120,3,11,3,12,5655.529785,50.4655991,31.6930008,2956.189941,2729.159912,91.1809006,53452.69922,3021.330078,92.9117966,6151.670174,122.3835896,3505.448121,69.73867452,50,391,Moderately served,0
5839,5414,11253,15,265,0,4,0,1,4887.229981,79.2294998,34.652401,2138.959961,2030.109985,62.6945992,124946,2963.310059,93.2745972,8056.552547,160.2800203,113.0407438,2.248874144,16,130,Moderately served,0
8356,8134,16490,15,108,3,10,1,10,3950.379883,55.6957016,31.5440006,1750.5,1722.140015,73.6340027,67054.29688,2768.840088,90.7388992,5416.898559,107.7657727,3179.128748,63.24675687,312,266,Moderately served,0
76,77,153,19,24,0,6,0,14,1599.329956,1.54708,33.6213989,760.0939941,767.6209717,87.2260971,16605.80078,750.0809937,64.3370972,3280.640949,65.26627794,0,0,85,184,Moderately served,0
551,533,1084,19,86,0,5,0,8,2067.899902,1.5458,29.9232006,846.7340088,1017.039978,90.8687973,27393.80078,1177.160034,71.7646027,4094.99645,81.46736588,3615.723564,71.93253475,26,198,Moderately served,0
2103,2117,4220,15,100,0,3,0,6,1970.410034,47.3110008,41.5261002,789.2030029,745.5939941,75.9770966,56010.60156,926.8839722,86.0418015,5064.57972,100.7566121,1091.689093,21.71846443,117,97,Moderately served,0
1722,1661,3383,15,112,1,6,0,6,2999.27002,33.077301,39.7360992,1227.119995,1186.140015,73.1913986,31738.5,1536.959961,82.9417038,6896.050683,137.1925692,2723.530155,54.18291085,122,172,Moderately served,0
1258,1239,2497,11,124,2,4,0,4,3678.699951,24.6958008,38.4497986,1435.180054,1305.229981,74.8003998,28734.90039,1835.959961,84.2214966,6829.733428,135.8732294,2985.534517,59.39532202,217,136,Moderately served,0
124,127,251,19,19,0,3,1,11,1382.369995,0.378245,34.8801003,535.0859985,633.9550171,90.1930008,26699.5,694.9210205,76.4389038,2125.091828,42.27735863,1149.69062,22.87236814,62,236,Moderately served,0
84,57,141,15,57,2,2,0,5,1187.930054,39.5763016,38.949501,460.8919983,465.5409851,73.6156998,39599.39844,573.789978,80.1283035,4847.158159,96.43114762,0,0,65,216,Moderately served,0
95,136,231,15,58,1,0,1,10,1275.930054,67.3604965,34.3325996,415.1539917,445.4179993,61.9550018,60953.69922,812.8939819,81.3693008,4165.054189,82.8611203,723.3404831,14.39040168,19,105,Moderately served,0
662,665,1327,15,33,1,2,1,7,1629.099976,9.4117699,31.9748001,555.6710205,682.3610229,78.4007034,32177.19922,777.3829956,80.8012009,3596.754671,71.55516063,2377.175498,47.2924039,45,320,Moderately served,0
3552,3666,7218,15,104,1,3,0,7,1740.930054,43.2448006,33.6302986,823.4310303,846.8690186,88.3646011,70285,1140.079956,94.9821014,4644.043586,92.39031159,2693.284784,53.58119832,64,232,Moderately served,0
824,978,1802,15,56,4,3,0,13,1542.569946,17.7814007,29.5638008,488.0610046,468.8190002,66.3075027,36789.10156,646.4370117,86.7391968,5761.825493,114.6278761,2605.801278,51.84076926,50,485,Moderately served,0
1723,1822,3545,15,323,4,3,4,6,1680.439941,36.5032005,30.4510994,566.9879761,575.9489746,75.4007034,33072.19922,766.7260132,86.4561005,10184.43554,202.6129074,3168.543815,63.03617631,36,235,Moderately served,0
237,207,444,15,71,2,8,0,4,791.0319824,9.8629303,30.9937,261.7160034,283.1740112,87.3014984,25395.80078,304.3680115,82.1297989,4658.478453,92.67748415,819.655975,16.30653751,28,156,Moderately served,0
5117,5070,10187,15,54,3,10,1,8,5132.839844,77.0498962,32.9651985,2363.360107,2293.300049,74.6959991,55841.19922,3508.330078,94.2481003,5285.014796,105.1420286,1544.358014,30.72402648,47,403,Moderately served,0
991,1070,2061,19,50,3,4,1,6,2836.060059,6.3524799,31.8139,1138.670044,1134.550049,90.6703033,21699,748.4520264,79.6544037,3576.741739,71.157016,2022.810286,40.242532,57,475,Underserved,-1
5595,4093,9688,35,88,0,0,1,7,1455.630005,59.8516998,33.7863998,610.0960083,657.434021,72.8339005,56437,961.3099976,88.4210968,4384.995248,87.23670865,2196.340274,43.69480141,38,92,Moderately served,0
33,33,66,15,57,1,3,0,9,2478.02002,0.611261,39.3529015,1064.829956,1023.719971,77.8318024,34930.39844,1317.109985,80.9698029,5937.311408,118.1190574,2322.159015,46.19788573,42,461,Moderately served,0
57,69,126,15,51,4,0,0,15,2054.120117,0.74317,36.5984001,721.5880127,695.2620239,88.4657974,20403,853.6519775,67.476799,3634.450392,72.30509317,2452.320205,48.78736034,138,391,Moderately served,0
6903,6996,13899,15,85,8,5,1,4,1757.810059,66.6162033,33.8251991,853.96698,855.7659912,79.7857971,111454,1213.569946,96.3592987,6662.900663,132.554197,1683.736708,33.49687749,89,372,Moderately served,0
9549,8624,18173,31,134,6,12,2,14,5240.259766,62.6669006,30.4566994,2631.929932,2763.030029,90.728302,86117.70313,3877.25,93.911499,5808.263456,115.55173,4085.837048,81.28514536,189,575,Moderately served,0
109,95,204,11,42,7,3,0,12,5356.450195,1.9237601,36.7150002,2312.879883,2006.880005,87.7220993,26632.40039,1882.680054,77.778801,5316.973072,105.7778183,1316.275265,26.18646436,60,915,Underserved,-1
80,81,161,11,34,5,5,0,5,3776.060059,1.2393301,34.9609985,1468.349976,1246.099976,84.2164001,25892.09961,1299.589966,78.0589981,5134.37526,102.1451503,728.006941,14.48323791,30,637,Moderately served,0
103,101,204,15,73,1,3,1,9,2340.669922,1.08843,40.5997009,946.4450073,858.5230103,75.0197983,34504.30078,965.4699707,85.0878983,6853.975533,136.3555107,3111.55648,61.90244931,43,297,Moderately served,0
4447,4374,8821,15,155,2,7,5,9,6772.890137,63.6413994,33.5112,3706.879883,3859.189941,90.6390991,78729.39844,4987.669922,96.2825012,5019.88231,99.86738542,1912.079955,38.03962206,70,705,Moderately served,0
10573,11047,21620,19,90,2,4,1,8,3554.919922,68.4324036,32.743,1861.540039,1868.670044,76.1484985,116913,2623.459961,95.0074005,5934.568424,118.0644875,3964.304004,78.86732227,62,329,Moderately served,0
23232,22882,46114,39,894,4,34,17,40,2531.75,60.1147995,31.4792004,1193.469971,1276.689941,95.7013016,82781.5,1633.619995,94.7453995,11153.2551,221.8869601,7302.675322,145.2821094,292,3694,Moderately served,0
5977,5894,11871,15,132,2,6,2,9,3958.229981,58.0377998,31.9139004,1797.579956,1688.119995,76.2143021,55897.39844,2681.26001,85.6699982,7196.068942,143.1612429,2394.951309,47.64604241,192,320,Moderately served,0
7435,7511,14946,19,166,0,6,0,4,5224.740234,84.8824997,28.0692997,1629.579956,1568.449951,64.5126038,87281.70313,2743.639893,93.5539017,7299.119632,145.2113712,3658.884198,72.79118829,35,191,Moderately served,0
9291,8159,17450,19,127,1,0,0,11,2714.370117,68.6368027,33.8286018,1353.76001,1554.689941,81.3637009,116704,2265.379883,95.1260986,4506.537915,89.65472317,3521.583925,70.05968615,200,445,Moderately served,0
37747,39701,77448,23,185,6,6,10,17,8897.019531,80.7171021,51.0186005,5273,5571.660156,92.9517975,105759,5576.149902,93.9420013,4485.866276,89.24347398,2419.040449,48.12528062,190,1182,Moderately served,0
10087,9396,19483,19,1139,3,4,1,7,7755.589844,66.5755005,36.8802986,4660.359863,5099.75,89.5014038,104533,5190.109863,95.9825974,15653.70369,311.42054,6499.02386,129.2939716,226,623,Moderately served,0
5919,5613,11532,15,89,7,6,1,11,6755.649902,68.572403,38.0052986,4277.740234,4138.200195,89.4144974,58463.30078,5000.589844,90.9160995,5358.745375,106.6088519,2581.553571,51.35837647,73,320,Moderately served,0
5089,5381,10470,19,80,1,7,1,12,3963.649902,77.2939987,31.4545994,1747.599976,1814.979981,63.9827995,84863.79688,2888.800049,93.5485992,6888.601989,137.0443822,652.3965375,12.97901672,66,140,Moderately served,0
6689,6867,13556,19,116,1,2,1,4,2596.699951,51.1124992,41.485199,1435.069946,1421.550049,89.3427963,55273.80078,1402.949951,94.4391022,6357.376752,126.4759919,5026.922716,100.0074498,108,175,Moderately served,0
3057,2754,5811,11,41,1,2,1,6,4066.330078,81.0737991,31.1100998,1891.400024,1841.589966,66.8749008,97836.60156,3029.27002,94.417099,4800.757119,95.50802826,992.77348,19.75060084,86,159,Adequately served,1
9969,9854,19823,15,658,0,20,0,14,1723.729981,59.0876999,26.6714001,689.5960083,662.0789795,74.5221024,67845.89844,1221.579956,90.5905991,15618.7467,310.7250927,7220.538589,143.648051,22,94,Moderately served,0
14234,15158,29392,23,49,2,5,4,13,6107.689941,69.5882034,30.8383007,3220.790039,3005.090088,88.1503983,54527.30078,3993.75,91.6880035,5080.338882,101.0701307,1720.966127,34.23753326,97,376,Moderately served,0
4961,5453,10414,15,114,0,6,0,15,3366.669922,84.3868027,33.4594002,1763.979981,1739,70.0307007,71597,2513.050049,97.1977005,6276.642371,124.8698324,1731.809031,34.45324597,36,169,Moderately served,0
5351,5132,10483,15,40,2,3,3,8,3608.729981,80.2998962,32.9877014,1942.449951,1878.380005,77.9200974,62881.89844,2641.810059,93.8376007,5040.051609,100.2686409,3385.187036,67.34615627,36,177,Moderately served,0
15026,15316,30342,31,186,0,0,0,1,305.9819946,65.8897018,49.0502014,133.0359955,111.2509995,78,49130.19922,148.529007,92.3528976,6557.071912,130.4488009,5820.760993,115.8003606,12,41,Moderately served,0
3220,2947,6167,19,187,0,10,0,7,3335.679932,59.4562988,29.9057999,1509.910034,1467.319946,80.710701,55418.30078,1732.390015,94.6921005,7956.637943,158.2922824,2780.563999,55.31756314,21,108,Moderately served,0
4708,4601,9309,15,201,1,1,1,2,5183.729981,47.4609985,30.3934002,1788,1798.550049,74.0374985,45132.80078,2759.159912,91.2325974,8311.392333,165.3498967,3904.288619,77.67335412,67,240,Moderately served,0
1076,983,2059,15,86,1,2,0,10,4025.570068,36.0460014,29.8502007,1280.26001,1233.900024,83.6116028,29640.09961,1493.02002,78.9871979,5491.748849,109.2548719,1889.890203,37.59817096,53,283,Moderately served,0
4193,4620,8813,19,126,3,5,1,7,7893.569824,54.7635002,35.6641006,4343.729981,3966.25,89.2966995,38054.10156,4614.580078,88.8620987,7106.990953,141.3890926,3100.322714,61.67896065,60,296,Moderately served,0
10623,10728,21351,19,128,0,1,1,3,4684.419922,56.0541,42.7366982,2906.850098,3040.850098,95.3499985,43784.30078,3012.590088,90.9312973,4419.622728,87.92560047,4514.03498,89.80387255,57,141,Moderately served,0
491,542,1033,15,148,0,1,0,4,3601.070068,44.3961983,35.1428986,1215.02002,1170.930054,69.7903976,41642.39844,1496.569946,87.2938004,7931.100211,157.7842254,1437.804071,28.60420314,31,98,Moderately served,0
3574,3492,7066,15,251,1,8,4,11,6303.390137,62.7481003,31.2801991,2534.73999,2123.280029,83.4372025,27467.09961,3010.179932,91.1902008,7391.378756,147.0468082,1153.023849,22.93868063,55,298,Moderately served,0
655,717,1372,15,75,2,4,2,5,5203.479981,36.3487015,32.4824982,1689.52002,1662.540039,68.4658966,39243.60156,2717.439941,87.3991013,6074.796924,120.8542448,2348.595502,46.72382292,70,288,Moderately served,0
1496,1504,3000,15,82,5,2,0,8,4806.470215,51.1334,33.1957016,1898.530029,1785.73999,79.1802979,44680.69922,2729.75,92.8977966,6039.411175,120.1502677,3160.708683,62.88030132,46,319,Moderately served,0
4126,4438,8564,15,101,5,2,4,8,8816.75,60.3592987,30.5928001,4239.040039,3853.98999,90.3655014,38459.10156,4913.040039,89.7563019,6769.908986,134.6830599,5095.821312,101.3781439,57,411,Moderately served,0
488,619,1107,15,69,2,6,3,6,4230.189941,45.3172989,35.1227989,1410.030029,1360.729981,57.0721016,60233.39844,2457.540039,88.2810974,6311.910061,125.5714608,3260.257373,64.86075959,107,182,Moderately served,0
494,498,992,15,41,0,2,4,5,3106.840088,44.3518982,34.1403008,1169.719971,1044.859985,71.0793991,38544.89844,1564.410034,93.2004013,2813.115313,55.96515095,899.9704579,17.90434338,35,145,Moderately served,0
2217,2032,4249,19,260,3,5,1,11,4315.589844,62.0461998,37.3824005,1873.300049,1950.23999,75.9645004,71794.20313,2556.330078,93.1205978,9039.002311,179.8252373,2335.078062,46.45490201,91,165,Adequately served,1
701,684,1385,15,105,2,3,1,10,2617.429932,2.02035,46.4491005,1324.280029,1290.959961,85.9513016,29040.19922,1041.680054,77.5868988,6972.935181,138.7221377,1740.851251,34.63313522,34,535,Moderately served,0
3186,3275,6461,15,34,3,4,0,16,4391.229981,38.9920006,38.3195,2160.340088,2259.030029,87.7639999,60985.39844,2788.939941,93.8265991,2541.826681,50.56803509,2554.083162,50.81187004,76,353,Moderately served,0
47922,51270,99192,23,239,0,0,0,1,773.835022,82.8376007,35.4469986,542.1790161,530.1920166,95.3553009,50708.10156,503.3789978,94.626297,6788.042427,135.0438133,6666.456733,132.6249427,118,95,Moderately served,0
20224,20359,40583,19,70,4,8,7,22,12871.90039,77.9149017,36.8195992,8713.629883,8601.139648,94.6766968,66921.5,9032.139648,94.6650009,4762.991069,94.75669658,5196.269059,103.3764883,128,1179,Moderately served,0
9319,7363,16682,19,43,3,6,4,5,5543.240234,63.7578011,32.0042,3015.909912,3136.98999,90.5886993,81071.5,4255.5,95.2940979,3333.998068,66.32778409,1134.55443,22.57124322,94,258,Moderately served,0
36060,39588,75648,27,699,9,8,8,21,4702.830078,52.4056015,29.0156994,2779.830078,2774.550049,97.0960007,79414.70313,3409.679932,91.3508987,12237.3091,243.4535292,8165.192097,162.4413355,224,609,Moderately served,0
13946,14733,28679,15,209,7,12,81,27,8606.620117,77.3532028,48.4249001,5354.310059,5172.729981,90.4828033,98385.10156,5126.580078,93.1069031,6427.950952,127.880021,2357.542238,46.90181259,183,1874,Moderately served,0
10464,10538,21002,11,152,3,7,11,22,12565.2998,81.0681,42.8781013,8276.719727,8826.080078,93.2918015,89491.89844,9266.969727,95.0874023,5406.78925,107.5646544,4901.346463,97.50918968,170,1175,Moderately served,0
1163,1130,2293,11,163,10,3,2,6,4862.290039,40.9500999,29.8754997,1561.949951,1476.410034,69.6380005,39741.60156,2235.899902,87.8200989,8554.638292,170.1891213,3751.855507,74.64079372,35,233,Moderately served,0
2854,2951,5805,15,84,5,1,0,0,1002.059998,49.4888992,30.4897003,354.1099854,394.5559998,69.9694977,69130.5,682.1740112,82.180603,5055.617077,100.578306,3375.157697,67.1466289,268,107,Moderately served,0
11876,11862,23738,23,90,3,11,6,24,9224.620117,68.8638992,33.4174995,5823.27002,5535.879883,93.1437988,56853.89844,5651.620117,93.6660004,5244.27549,104.3315459,4890.300842,97.28944402,114,774,Moderately served,0
7291,7195,14486,15,54,1,5,1,3,5158.040039,83.3884964,31.3360996,2647.51001,2532.100098,74.2675018,74520,3867.25,96.4816971,5571.942264,110.8502692,1858.24293,36.96856846,37,277,Moderately served,0
7589,7083,14672,15,108,2,3,0,12,8913.080078,89.6663971,45.0601997,6039.990234,6075.290039,89.7433014,99817.70313,6713.009766,96.0044022,5241.288889,104.2721293,3688.326474,73.37692376,66,316,Moderately served,0
20362,21526,41888,31,106,3,10,6,30,5531.029785,67.6020966,32.4258003,3362.949951,3533.26001,93.1201019,89373.39844,4369.109863,91.6307983,3369.714805,67.038346,5192.943724,103.3103329,276,2007,Moderately served,0
6511,6385,12896,15,185,5,6,0,4,3639.169922,60.8078003,31.823,1650.189941,1598.030029,74.4999008,67568.79688,2435.540039,91.950798,8082.644472,160.7991026,4426.534053,88.06309691,181,267,Moderately served,0
2097,2439,4536,19,103,0,9,0,15,2094.209961,27.1604004,29.6984997,518.9910278,585.2750244,82.6067963,72329,964.3140259,72.7850037,3980.048645,79.18055194,0,0,182,281,Moderately served,0
2438,2336,4774,11,109,3,4,0,11,4771.609863,65.3412018,31.4384995,1964.900024,1932.050049,78.9300995,65372.19922,2924.669922,95.5213013,7152.201588,142.2885296,2499.87703,49.73347331,85,381,Moderately served,0
5467,6010,11477,15,104,2,8,1,10,3167.629883,82.9285965,31.6156006,1428.709961,1454.359985,66.1576996,94075.60156,2183.659912,94.1568985,5268.227782,104.8080616,2747.579491,54.66135718,114,246,Moderately served,0
241,208,449,11,80,4,5,3,12,3637.780029,1.64091,37.2168007,1848.719971,1855.030029,78.6155014,29698.09961,2211.679932,75.1313019,6389.544531,127.1159495,1615.543156,32.14020989,80,912,Moderately served,0
12671,13014,25685,27,210,0,5,6,11,5473.790039,86.2871017,29.6140995,2934,2890.709961,80.5156021,87780,4045.050049,96.8542023,6947.60269,138.2181638,3412.553943,67.89060357,63,340,Moderately served,0
681,625,1306,15,125,1,3,1,14,3645.090088,2.7499499,41.3588982,1868.640015,1870.869995,88.0121994,25598.40039,2094.419922,84.9123001,6235.572265,124.0527686,2641.176984,52.54454656,68,384,Moderately served,0
3952,4000,7952,15,81,12,7,2,8,5697.830078,41.6282997,30.6303005,2054.530029,1986.01001,76.1465988,34728.10156,2792.949951,83.7485962,5976.068156,118.8900984,2171.865938,43.20789997,41,308,Moderately served,0
3604,3929,7533,15,182,6,4,1,6,4283.229981,42.446701,30.6357002,1552.400024,1561.099976,68.8114014,47094.80078,2285.600098,87.6537018,8397.541375,167.0637775,1907.476099,37.94803125,32,229,Moderately served,0
7393,7562,14955,15,100,1,3,1,6,5140,78.2623978,30.3924999,2483.189941,2357.909912,73.2997971,97706,3910.399902,93.8955994,7090.96359,141.0702383,2510.666331,49.94811963,55,484,Moderately served,0
7052,6870,13922,11,87,2,4,0,8,4495.660156,78.2694016,30.6490993,2199.330078,2183.620117,74.4509964,89937.39844,3441.73999,95.5784988,6624.775974,131.7957304,553.172407,11.00501537,182,367,Moderately served,0
6228,6473,12701,15,321,3,3,1,9,4305.509766,39.3334007,28.5263996,1902.670044,1768.51001,83.7067032,42587.69922,2357.389893,90.4770966,11019.36956,219.223392,3980.415148,79.18784329,44,268,Moderately served,0
14235,13838,28073,19,407,9,12,11,24,2822.040039,55.7686996,28.9668007,1396.900024,1607.109985,95.8192978,81371.10156,2195.229981,93.7340012,9270.969802,184.4400839,7087.967775,141.0106385,225,845,Moderately served,0
6065,6149,12214,19,183,1,1,1,7,5461.410156,49.9570007,30.4552994,2577.179932,2527.030029,83.5650024,38747.5,2742.580078,93.7324982,8343.05161,165.979738,3359.619019,66.83749671,37,323,Moderately served,0
2507,2755,5262,15,45,3,7,1,12,10338.09961,42.4786987,40.9001999,4602.479981,4383.459961,84.8796997,28991.5,4768.660156,87.183403,5147.297259,102.4022253,939.9324149,18.69936125,44,471,Moderately served,0
6732,6389,13121,15,258,1,5,1,9,3751.360107,54.1287003,27.8684998,1799.670044,1566.599976,79.1041031,41058.80078,2213.879883,92.813797,8344.679971,166.0121332,2722.068624,54.15383462,65,181,Moderately served,0
12832,12776,25608,19,254,0,18,5,15,6479.729981,63.1030998,32.3550987,3104.090088,3320,87.6432037,86097.39844,4133.620117,93.9857025,6687.081545,133.0352603,4702.90846,93.56139105,132,872,Moderately served,0
4980,4590,9570,11,29,1,6,1,8,5119.959961,64.6295013,33.8804016,2783.830078,2730.139893,81.0457001,44367.39844,3408.790039,90.2212982,3013.347043,59.94863464,2295.589075,45.66929357,74,218,Moderately served,0
10627,11200,21827,19,107,0,6,1,4,5664.390137,87.7126007,23.8862,1871.869995,1685,78.8880005,92863.70313,3567.350098,93.9996033,6553.952111,130.3867344,3341.421733,66.47547323,26,229,Moderately served,0
8269,10041,18310,15,341,0,5,27,9,7084.850098,80.5180969,34.1470985,4714.540039,4550.620117,88.5934982,72468.70313,5058.660156,97.1582031,9544.557792,189.882944,5651.098328,112.4250291,53,208,Moderately served,0
7562,7277,14839,19,48,2,2,2,5,4632.370117,69.0976028,34.6330986,2250.290039,2218.360107,81.5094986,68560.39844,3136.479981,95.9372025,4243.790362,84.4275267,1806.23066,35.93381724,61,168,Moderately served,0
4667,4826,9493,15,680,0,13,33,10,1117.27002,58.8824997,21.2007999,153.4290009,122.1520004,73.3038025,73873.79688,414.8529968,83.0382004,15188.37634,302.1631466,4739.218057,94.28374752,11,74,Moderately served,0
11793,11925,23718,15,273,0,2,27,7,3686.790039,84.5767975,37.7896004,2593.090088,2465.51001,88.7708969,70364.70313,2452.75,96.0910034,8231.875948,163.7679685,6970.12621,138.666255,38,177,Moderately served,0
369,336,705,15,35,0,5,1,11,2347.540039,2.17629,35.0317001,1081.349976,1076.099976,87.1294022,26634.80078,1162.959961,68.3321991,4379.181072,87.12103929,216.7853498,4.312807501,22,358,Underserved,-1
456,359,815,11,116,3,1,0,13,3337.719971,1.54168,33.5101013,1385.589966,1345.339966,83.0435028,44925.30078,1665.369995,75.9527969,7462.567084,148.463055,2388.388227,47.51547404,61,533,Moderately served,0
1088,1212,2300,15,48,7,1,1,9,3622.919922,46.6696014,28.5230999,1133.079956,1128.060059,77.399498,34668.10156,1871.339966,86.2294998,4224.550667,84.04476512,1674.383838,33.31080805,49,445,Moderately served,0
2768,2393,5161,15,120,1,5,1,7,2426.729981,48.9160995,31.0690994,886.5889893,964.5139771,67.0634003,55548.80078,1535.979981,87.2412033,7258.658197,144.4064165,3892.12382,77.43134314,355,170,Moderately served,0
3345,3214,6559,15,87,3,7,1,8,5129.850098,39.524601,29.0895996,1498.98999,1515.670044,80.4599991,36291,2566.76001,88.4815979,5636.055019,112.125752,2488.571748,49.50856186,56,345,Moderately served,0
1590,1521,3111,15,86,2,1,0,12,1608.640015,0.382461,28.9207001,573.8569946,527.3200073,89.0269012,24772,563.3120117,67.757103,6059.910703,120.5580929,3931.966262,78.22398333,46,457,Moderately served,0
1694,1559,3253,15,116,1,2,0,8,3902.689941,31.7019997,37.3358994,1417.51001,1436.430054,68.3714981,34363.69922,2624.48999,88.7699966,7033.669591,139.9304104,2878.859898,57.27309791,96,106,Moderately served,0
2537,2578,5115,15,45,0,0,0,9,1630.469971,29.0456009,36.3218994,549.0759888,558.6870117,65.0322037,41120.89844,1011.400024,87.6811981,2944.893935,58.58680333,1964.8283,39.08901703,169,64,Moderately served,0
1267,1186,2453,11,85,2,0,0,13,2148.479981,10.2922001,38.6390991,634.9249878,630.9260254,65.2474976,40191.89844,1182.069946,88.6789017,4406.403416,87.66261062,2466.28821,49.06524497,191,78,Moderately served,0
1051,1178,2229,15,167,2,7,2,9,4954.029785,40.7644997,29.4358997,1453.52002,1363.060059,74.8592987,38878.10156,2262.070068,85.9845963,7468.75073,148.5860747,4543.882763,90.39767532,63,232,Moderately served,0
41734,35422,77156,31,573,7,8,6,18,4921.569824,53.6596985,29.0965996,3008.659912,2998.879883,97.0193024,79980.70313,3689.840088,91.0997009,11082.59527,220.4812274,8375.418069,166.6236483,241,621,Moderately served,0
51088,48579,99667,39,676,0,0,0,1,2114.719971,71.6223984,39.5875015,1003.5,1050.699951,91.3538971,105236,1332.880005,90.6856003,13598.0691,270.5249892,3018.670762,60.05454667,144,68,Moderately served,0
30501,29066,59567,31,760,3,7,6,24,4794.290039,51.9452019,29.8302994,2817.76001,2637.290039,96.2065964,89865.29688,3163.030029,91.5459976,12941.92412,257.4713997,6518.71899,129.6857937,290,685,Moderately served,0
19794,18268,38062,23,147,1,3,1,8,4950.799805,74.9273987,33.7442017,2891.070068,3230.290039,85.9083023,113633,4127.790039,94.3447037,4569.34305,90.90419164,2675.311518,53.22363155,151,263,Moderately served,0
11056,10114,21170,19,778,4,7,7,22,5464.080078,53.7438011,29.7747002,3337.320068,3211.070068,96.5382996,88400.5,3869.98999,91.5250015,11473.58104,228.2596422,9095.854723,180.9562801,409,735,Moderately served,0
8491,9550,18041,15,66,3,5,4,14,6495.970215,53.3265991,35.4631996,3381.590088,3774.860107,84.5488968,82842.60156,4942.700195,94.6621017,4315.533663,85.85481432,3404.63353,67.73303196,60,361,Moderately served,0
13966,14775,28741,15,147,10,2,0,2,1863.619995,62.1893005,34.1279984,806.5109863,786.3519897,88.9625015,97971,1120.209961,96.3730011,8426.986008,167.6495598,2115.515796,42.08684952,99,475,Moderately served,0
13294,12423,25717,35,361,0,14,2,16,4729.870117,61.6627007,29.3446999,2006.189941,2242.300049,86.4828033,93686.20313,3021.27002,93.2876968,8917.435589,177.4067442,3217.843839,64.01696914,167,616,Moderately served,0
5006,5117,10123,19,112,1,0,2,8,1263.099976,65.9233017,32.9598999,562.7260132,534.0339966,60.9546013,93201.70313,839.7520142,95.0271988,4210.668888,83.76859591,3680.518426,73.22158757,138,374,Moderately served,0
5290,6096,11386,23,110,14,6,1,13,3863.300049,4.87217,45.9870987,1597.98999,1564.089966,91.5035019,20213.80078,1559.119995,89.9533997,5128.093502,102.0201787,945.9693136,18.81946153,145,337,Moderately served,0
2259,2094,4353,19,130,3,4,1,13,4855.410156,36.588501,36.0996017,2528.620117,2559.790039,82.8047028,39440.30078,2535.669922,89.8712997,6760.253869,134.4909775,2626.202714,52.24664294,59,402,Moderately served,0
2899,2518,5417,15,116,0,8,42,16,932.9979858,18.0606995,32.0920982,368.1520081,367.9909973,75.6835022,36467.39844,536.4069824,86.9294968,4322.721069,85.99780321,4655.765563,92.6235129,201,250,Moderately served,0
8833,8938,17771,15,103,3,1,1,16,4739.549805,59.3591003,30.6956997,1761.979981,1746.400024,79.7285995,54637.5,2733.570068,92.0619965,6829.901563,135.8765743,2055.193687,40.88677928,76,429,Moderately served,0
1667,1920,3587,15,57,3,6,0,9,5791.669922,41.8063011,28.4843006,1757.5,1760.430054,73.9633026,35164.80078,2904.060059,85.1315002,4993.383942,99.34021714,2046.087078,40.70560906,59,301,Moderately served,0
11228,14035,25263,15,205,7,10,10,29,7756.910156,67.5951996,33.2801018,4861.549805,4724.52002,90.6911011,90788.10156,4949.919922,92.3643036,5375.950169,106.9511304,4314.827569,85.84076703,415,2608,Moderately served,0
11426,11509,22935,15,289,4,6,3,12,6420.890137,93.3436966,41.3100014,4679.120117,4447.669922,91.7815018,94706.5,4830.580078,95.8002014,8298.467617,165.0927677,8906.667966,177.1925292,136,457,Moderately served,0
9488,9307,18795,15,108,2,9,3,11,4797.450195,88.8876038,27.4922009,2344.540039,2066.949951,76.9645996,100408,3352.48999,95.6383972,5769.662379,114.7837859,4327.420874,86.09130286,73,351,Moderately served,0
10397,11074,21471,15,59,1,4,1,7,5112.720215,74.3307037,32.0423012,2351.419922,2303.090088,70.3955002,72931.79688,3816.02002,96.4968033,6098.816432,121.3320978,807.262392,16.05997501,47,307,Adequately served,1
5092,5168,10260,15,105,7,6,1,12,5559.620117,42.1803017,30.1168003,1883.25,1706.050049,81.1324997,30208.40039,2538.060059,82.6838989,6840.678331,136.0909713,4372.401474,86.98616346,48,404,Moderately served,0
5560,5235,10795,15,58,2,2,1,10,1011.25,52.0848999,26.7728004,351.8110046,355.3890076,78.4399033,98537,689.0100098,90.1380997,4038.120185,80.33584852,4139.374431,82.35023775,112,578,Moderately served,0
484,487,971,19,74,1,3,2,13,2215.590088,3.2244799,33.4025993,868.7199707,841.53302,85.1343994,32821.19922,983.8850098,80.125,5362.287165,106.6793136,1788.403571,35.57915858,20,511,Moderately served,0
1012,908,1920,15,144,0,8,0,7,3521.679932,30.4461002,42.3126984,1717.939941,1748.119995,74.9527969,56394,1960.290039,88.0753021,7260.749615,144.448024,2778.204711,55.27062658,28,172,Moderately served,0
5007,4888,9895,19,153,4,5,0,12,5181.140137,30.2649994,37.5625,3104.73999,3141.689941,85.0570984,42974.19922,3083.050049,87.8953018,6810.464635,135.4898889,4450.188008,88.5336774,67,404,Moderately served,0
390,421,811,19,46,2,3,0,11,3239.820068,1.54684,38.5811996,1395.849976,1410.670044,84.1546021,31289.30078,1355.390015,80.0270996,4872.677213,96.93883307,691.635116,13.75964344,46,383,Underserved,-1
299,348,647,11,50,2,1,0,6,1126.479981,48.728199,31.8099003,351.2780151,341.9590149,62.0732002,45007.80078,552.5529785,77.8697968,3848.302734,76.55955032,2369.489675,47.1394993,31,219,Underserved,-1
203,140,343,19,138,0,4,0,11,949.6699829,27.0998993,34.835701,342.4400024,321.3739929,76.3251038,34083.10156,409.7919922,74.2343979,4970.996989,98.89484286,1586.177434,31.55599741,251,196,Moderately served,0
924,954,1878,15,67,1,6,0,2,2272.469971,5.9716802,34.4616013,921.6920166,957.7579956,75.7794037,54826.39844,1161.380005,85.5998001,5053.211406,100.5304467,861.8647101,17.14625361,28,201,Moderately served,0
4232,4078,8310,15,241,0,5,0,1,3443.360107,37.5041008,31.6972008,1457.869995,1476.089966,75.2572021,61344.5,1890.910034,86.6841965,10195.56674,202.8343556,553.7828968,11.01716068,15,205,Moderately served,0
3046,2898,5944,11,142,2,3,0,5,4954.049805,38.4902,31.5548,2229.889893,2227.669922,84.001503,50443.60156,2861.679932,91.5302963,7759.891152,154.3781293,5448.093383,108.386374,21,334,Moderately served,0
3935,4087,8022,15,137,4,3,1,13,4990.810059,35.2467995,37.1285019,2787.979981,2801.479981,85.9978027,42550.19922,2884.139893,91.2819977,7229.066071,143.8176999,4791.452875,95.3229262,73,430,Moderately served,0
741,789,1530,15,346,0,9,0,9,3464.629883,22.9745998,29.2647991,1400.439941,1439.359985,86.751503,38130.19922,1556.670044,79.5960999,12471.62648,248.1151254,3086.866384,61.41125547,55,367,Underserved,-1
3601,3781,7382,15,162,0,5,1,7,4476.350098,84.8171997,31.1548996,1904.310059,1842.949951,58.8566017,135409,3099.719971,95.4737015,5688.514612,113.1694024,2430.805116,48.35933125,84,159,Adequately served,1
5956,5624,11580,15,32,1,2,0,8,3813,85.3125,31.7537003,1869.910034,1856.790039,72.7845993,95603.39844,3038.530029,96.8361969,3806.306436,75.72406052,1953.006522,38.85383023,94,176,Moderately served,0
14628,14706,29334,19,374,4,8,5,8,6539.959961,84.3955002,32.4972,4236.450195,3954.449951,89.6053009,72232.89844,4319.479981,95.1186981,10015.35586,199.249174,6931.40672,137.8959553,69,251,Moderately served,0
8007,7811,15818,15,82,4,7,2,12,7685.720215,72.3096008,36.7461014,4786.450195,4679.689941,89.4710999,60644,5705.189941,91.9412994,6157.516586,122.4999002,2469.21419,49.12345549,106,357,Moderately served,0
3007,2838,5845,19,85,3,5,0,4,3750.090088,80.2410965,33.8611984,1785.599976,1720.51001,67.1528015,66358.60156,2608.280029,94.0178986,6820.536673,135.6902658,1317.825424,26.2173038,34,192,Adequately served,1
4270,4255,8525,11,103,1,3,0,5,2962.709961,83.0787964,30.8470993,1434.339966,1424.819946,63.1427994,88646.79688,2118.199951,97.0441971,6827.71234,135.8330211,2657.65694,52.87240487,100,190,Moderately served,0
5378,5697,11075,23,37,1,13,46,14,538.9119873,40.8288994,23.6072006,103.5059967,68.7590027,79.893898,18263.5,166.0839996,93.5942001,3942.286138,78.42929075,3967.937836,78.93961506,31,76,Moderately served,0
3439,3451,6890,19,54,2,7,2,11,3558.340088,81.0058975,32.2270012,1949.390015,2056.729981,78.901001,65440,2853.75,94.3267975,4815.598067,95.80327954,1776.766612,35.34764863,27,130,Moderately served,0
2872,2849,5721,23,42,3,5,0,5,1239.959961,71.8187027,31.2451992,611.0310059,597.8779907,74.9205017,85754.29688,868.6500244,94.2626038,3384.215265,67.32682349,1045.049449,20.7905982,267,197,Moderately served,0
3367,3179,6546,15,79,1,4,2,2,3336.340088,81.7833023,31.8586006,1705.670044,1654.469971,70.8202972,68434.79688,2404.77002,92.6407013,6761.556927,134.516901,861.0993766,17.13102779,23,127,Moderately served,0
2013,2061,4074,23,61,3,1,0,7,3376.820068,54.6509018,30.9659996,1057.76001,965.4819946,63.7611008,47135.19922,1758.160034,94.0127029,4657.668452,92.66136967,2902.540152,57.7442016,275,241,Adequately served,1
28184,27355,55539,31,438,0,0,0,4,901.8939819,37.9546013,33.093399,440.5920105,413.67099,88.4406967,70530.39844,537.0219727,96.2111969,11647.72099,231.7240464,5330.751678,106.051935,93,48,Moderately served,0
409,353,762,19,68,2,0,1,10,941.617981,42.8839989,36.0387001,361.2839966,392.5450134,71.4626999,29026.19922,498.4249878,79.1827011,2238.25838,44.52873564,1515.325573,30.14644441,110,165,Moderately served,0
272,265,537,11,55,2,5,0,4,4419.140137,43.6128006,31.4941006,1320.880005,1407.430054,61.3782997,39826.19922,2211.530029,85.6634979,5621.641818,111.8390105,791.7195063,15.75075912,32,204,Adequately served,1
1054,859,1913,15,108,0,3,0,5,3381.330078,41.7757988,35.5540009,1207.869995,1128.079956,71.8139038,35798.80078,1658.219971,86.0262985,7169.671353,142.6360795,3394.956477,67.5405131,107,140,Moderately served,0
509,503,1012,15,92,1,1,0,4,1710.51001,54.3232002,33.7458,634.7199707,630.6140137,55.0018997,43479.19922,931.3809814,85.1502991,4491.62667,89.35807339,794.8732937,15.81350173,16,63,Moderately served,0
7446,7817,15263,15,187,1,1,2,2,2027.439941,34.1557007,32.4258003,871.3980103,955.0780029,84.4729004,77398.5,1234.579956,89.6044998,7148.436876,142.213633,959.2184717,19.08304516,28,322,Moderately served,0
2280,2149,4429,15,154,0,3,1,8,1068.859985,59.7874985,34.2517014,530.0679932,565.4249878,79.9126968,108610,768.5689697,93.9096985,4546.494642,90.44963699,2425.122014,48.24626952,47,112,Moderately served,0
883,1068,1951,15,62,2,5,1,13,2518.439941,9.10464,27.7964001,779.8510132,786.2260132,78.1921997,36621.10156,1052.790039,72.9487991,4399.646295,87.52818196,2968.232387,59.05110708,75,694,Underserved,-1
1665,1624,3289,19,47,2,7,0,12,2942.76001,24.9526997,30.1149998,1202.060059,1122.579956,77.5518036,43791.60156,1447.640015,83.2899017,3827.083839,76.13741383,1621.436745,32.25745911,151,475,Moderately served,0
5715,5711,11426,23,74,0,6,51,15,1997.689941,51.9099007,28.5091991,940.4760132,837.9819946,71.990799,43508.39844,1312.569946,94.1353989,3677.081626,73.15321463,1725.926296,34.33621267,229,210,Moderately served,0
25,20,45,15,55,0,0,0,9,1135.650024,14.6590996,30.7644997,367.8720093,305.5310059,79.1309967,25914.59961,398.6520081,63.7663002,5017.135791,99.81274517,806.5609892,16.04602104,18,206,Moderately served,0
253,236,489,15,68,0,1,1,17,1012.679993,1.04661,30.9997005,300.3890076,246.9720001,77.3572998,23807.19922,318.6839905,53.1773987,4138.189985,82.32667394,3140.491885,62.4781009,225,401,Moderately served,0
30,32,62,15,102,2,8,0,12,1571.609985,1.16993,31.5998001,474.7860107,447.3150024,85.376503,22703.5,516.7949829,62.7452011,7104.304247,141.3356423,3852.834187,76.64970072,53,381,Underserved,-1
106,105,211,15,92,2,0,3,14,1778.27002,0.400193,32.0079994,734.0510254,779.7869873,88.5391006,16995.80078,680.9639893,69.4459991,5601.447155,111.4372504,1612.900231,32.08763055,58,430,Underserved,-1
10756,10787,21543,19,150,2,4,6,13,1827.030029,77.5597,31.6597004,908.2420044,1019.210022,71.8805008,124728,1547.689941,95.9838028,6018.18072,119.7279012,1911.051945,38.01917044,118,892,Moderately served,0
11265,11810,23075,15,145,3,1,0,9,4668.290039,78.6456985,30.1842003,2254.439941,2075.48999,73.2115021,88603.29688,3407.75,95.9411011,7728.249531,153.7486393,1349.713695,26.85170078,74,661,Moderately served,0
6208,5912,12120,27,22,0,0,0,3,749.1469727,27.5702,34.578701,342.7139893,315.9819946,86.2497025,57363.5,350.4869995,96.2132034,2415.886314,48.06253111,1731.624922,34.44958323,92,148,Moderately served,0
3903,3379,7282,15,103,1,3,0,11,5169.470215,58.9448013,30.6051998,1940.25,1910.689941,80.0257034,60836.10156,2946.679932,92.7265015,7220.397398,143.6452421,2680.340374,53.32367747,55,252,Moderately served,0
21855,21336,43191,19,262,6,4,1,14,4422.359863,60.9035988,31.6509991,2225.540039,2876.469971,90.7687988,101485,4077.629883,96.5463028,6382.658322,126.9789528,5786.015707,115.1091251,195,329,Moderately served,0
15532,16323,31855,19,195,1,9,0,8,5641.680176,87.5607986,24.5055008,1980.569946,1745.569946,71.5828018,93450.60156,3426.840088,93.2712021,6912.905776,137.5278907,3645.955982,72.53398961,48,292,Moderately served,0
1362,1257,2619,15,83,0,8,0,5,3198.689941,11.7143002,36.6222,1401.650024,1425.369995,78.9798965,44428,1567.319946,86.1296997,5104.663546,101.5540545,2560.361367,50.93677095,34,314,Moderately served,0
19413,20894,40307,19,99,7,3,4,13,4608.209961,77.7586975,31.3535004,2303.540039,2195.669922,73.2771988,84624.39844,3266.189941,94.6280975,6074.728135,120.8528763,1911.658283,38.03123316,135,1221,Moderately served,0
4265,4710,8975,19,147,1,4,1,6,4078.280029,80.2846985,31.1543007,1696.76001,1653.069946,65.921402,99089.29688,2432.229981,94.2258987,7309.802116,145.4238925,396.5899519,7.889906404,65,163,Moderately served,0
4121,4084,8205,15,128,0,2,16,10,6653.870117,36.8103981,39.0764999,3063.969971,2919.98999,86.7634964,26434.59961,3112.469971,86.2951965,6847.311676,136.2229375,5596.978477,111.3483489,60,333,Moderately served,0
7233,7127,14360,15,42,2,6,3,14,9707.360352,79.0819016,32.1678009,6405.910156,6085.830078,86.5624008,65997.5,8042.970215,94.6917038,4615.323483,91.81894329,1674.625945,33.31562461,117,438,Moderately served,0
4279,4503,8782,15,66,1,9,1,14,3879.540039,85.2959976,31.2772999,1754.920044,1768.420044,67.0765991,94580.20313,2823.969971,96.9501038,6124.509313,121.8432414,2079.443377,41.36921155,53,124,Moderately served,0
12139,11734,23873,15,87,2,7,3,19,8679.900391,82.0540009,33.4994011,5968.819824,5792.560059,85.5357971,66603.39844,7540.890137,95.3444977,5432.130014,108.0687929,3196.546261,63.59326729,175,299,Moderately served,0
24641,22594,47235,31,333,5,6,3,17,6093.069824,53.4248009,32.7256012,3259.830078,3369.550049,88.6389008,77620.89844,4107.479981,95.2717972,8035.23669,159.8559548,4961.348279,98.70288788,188,810,Moderately served,0
922,1037,1959,15,74,3,4,0,6,4630.169922,42.1329994,29.3558006,1254.060059,1297.939941,60.3404999,44951.10156,2164.23999,87.0024033,6321.262788,125.7575274,1615.208176,32.13354566,62,298,Adequately served,1
2452,2337,4789,15,181,4,0,4,7,3393.919922,41.4422989,30.0506001,1151.77002,1189.420044,75.4938965,41055.19922,1608.050049,88.4113007,7763.783698,154.4555691,1859.360582,36.99080345,131,231,Moderately served,0
2575,2834,5409,15,68,3,0,1,7,5649.220215,49.5210991,30.2406998,1982.290039,1983.349976,72.4125977,37897.19922,2870.629883,88.7514038,5542.057897,110.2557386,2481.609561,49.37005355,65,311,Moderately served,0
4185,4124,8309,19,114,2,4,1,8,4682.700195,54.3699989,30.6387005,1738.140015,1677.359985,79.8607025,46020.60156,2568.139893,94.0580978,7883.189683,156.8310757,4666.010108,92.82732165,51,232,Moderately served,0
3021,3253,6274,15,87,2,5,4,9,3846.469971,66.7343979,32.4380989,1722.27002,1639.819946,71.1266022,62320.19922,2465.02002,95.0441971,7003.968837,139.3395327,0,0,113,277,Moderately served,0
2130,2231,4361,15,63,1,3,0,4,1478.300049,76.6352005,31.6406002,719.7769775,753.822998,64.6149979,79275.5,1133.099976,95.0270996,3431.366022,68.264858,4083.195691,81.23259724,116,203,Moderately served,0
2403,2324,4727,19,134,3,1,1,14,4043.040039,67.1551971,31.7451992,1661.099976,1625.23999,63.108799,69741.60156,2642.870117,94.6821976,7400.188521,147.2220729,4620.854915,91.92898763,74,309,Moderately served,0
2059,2309,4368,15,126,1,3,6,8,5906.029785,51.2383003,30.1306,1864.810059,1849.790039,58.3157005,51966.5,3254.679932,93.0998001,7438.223028,147.9787453,2148.228948,42.737657,61,248,Adequately served,1
940,977,1917,15,105,3,4,1,10,6871.859863,57.7784996,30.2411003,2105.449951,2170.199951,74.251297,37358.89844,3563.330078,91.433403,7391.95543,147.0582807,4192.507792,83.40729239,53,349,Moderately served,0
2438,2722,5160,15,105,0,1,0,5,4377.029785,64.9655991,31.7353992,1777.420044,1728.910034,69.7481995,57585.5,2595.669922,93.8375015,6753.719045,134.3609713,3603.617185,71.69168601,123,196,Moderately served,0
998,938,1936,15,262,0,10,0,4,2237.229981,54.3205986,34.6500015,791.4780273,803.2280273,53.039299,71605.79688,1300.939941,90.7173996,8637.437503,171.8363593,2428.326229,48.31001536,27,90,Moderately served,0
654,677,1331,15,66,1,5,0,8,4305.890137,54.4099998,36.1430016,1599.150024,1509.719971,69.1564026,53278.10156,2245.610107,89.8911972,5813.260413,115.6511413,3957.054399,78.72309597,80,209,Moderately served,0
5205,5276,10481,23,155,0,1,1,10,5718.330078,48.9003983,41.1735992,2952.98999,2969.73999,85.6476974,33516.5,3258,86.5084,8211.624535,163.3650795,6550.605233,130.3201504,51,196,Moderately served,0
3813,3793,7606,15,177,2,5,1,7,3318.570068,72.4999008,33.5950012,1627,1640.420044,71.6003036,59067.30078,2273.649902,92.4273987,7263.940166,144.511498,1985.390245,39.49808392,55,123,Moderately served,0
774,885,1659,15,244,1,3,0,9,3506.290039,59.0009003,40.3568993,1298.75,1385.77002,67.3460007,63605.69922,2006.030029,88.728302,10008.63544,199.1154755,1124.134164,22.36393862,36,184,Moderately served,0
367,427,794,15,108,3,2,1,9,4937.970215,44.4388008,35.5764999,1843.209961,1833.640015,77.2593994,53960.89844,2565.830078,89.405098,8869.126607,176.4456676,1586.140492,31.55526248,72,291,Moderately served,0
3757,3839,7596,15,84,0,7,4,10,7527.350098,54.9861984,34.9300995,3962,3749.979981,86.4431992,45669.89844,4461.649902,89.1439972,5767.013433,114.7310868,2310.154307,45.95905965,116,363,Moderately served,0
3509,3938,7447,15,39,3,6,0,8,4208.459961,70.6736984,35.5042992,1864.810059,1759.560059,73.088501,69862.29688,2661.570068,91.9456024,5652.552472,112.4539584,1254.671185,24.96089013,59,237,Moderately served,0
6576,6892,13468,19,40,4,3,0,8,4191.209961,76.5962982,36.3760986,2058.850098,2095.209961,74.0239029,78519.60156,3063.439941,97.3282013,5072.006727,100.9043678,2527.452106,50.282062,68,221,Moderately served,0
2031,2112,4143,15,94,1,3,1,0,2005.479981,72.0511017,36.2125015,954.8909912,966.3220215,76.6085968,70160.5,1481.859985,93.8584976,6603.361961,131.3697121,4349.243664,86.52545347,21,83,Moderately served,0
8502,8589,17091,19,164,5,6,4,14,9479.290039,51.7019005,35.1048012,5165.479981,5540.709961,86.2566986,80012.5,6549.229981,95.6517029,5215.528843,103.7596495,3809.836861,75.7942961,108,558,Moderately served,0
3410,3074,6484,15,97,0,0,0,16,1516.52002,66.0652008,29.8122005,732.6469727,758.8150024,85.111702,103641,1256.420044,93.2822037,4716.670925,93.83518658,2984.874036,59.38218218,136,361,Moderately served,0
13621,12822,26443,23,405,3,9,8,22,2731.100098,58.75,29.8910007,1238.130005,1506.689941,92.7699966,86231.20313,2066.300049,96.2468033,7332.604434,145.8775302,4450.817232,88.54619541,221,1067,Moderately served,0
6428,5978,12406,19,84,1,1,0,7,4296.029785,84.3537979,30.2525005,2104.709961,1996.119995,77.697403,77342.79688,3150.419922,95.2761993,5989.555161,119.1584139,1132.469414,22.52976314,22,194,Moderately served,0
4912,5048,9960,15,129,0,6,1,5,3748.689941,83.8876038,31.9402008,1631.219971,1660.579956,55.3871002,147407,2707.51001,95.6641998,5706.087227,113.5189985,1508.888907,30.01839102,81,122,Adequately served,1
383,399,782,11,59,9,5,0,12,2568.840088,49.8661003,28.8775005,741.5570068,723.0599976,68.8319016,36887.30078,1137.25,83.5286026,5132.654509,102.110917,1769.935378,35.21174554,61,160,Moderately served,0
3135,3159,6294,15,127,3,6,1,10,4775.410156,61.9191017,30.2070999,1991.599976,1974.140015,77.8308029,73492.79688,3154.120117,91.7221985,6466.346494,128.643876,304.5471235,6.058772513,105,441,Moderately served,0
12038,11236,23274,23,138,9,16,72,24,9815.450195,74.6169968,37.4257011,6287.229981,6202.319824,90.6756973,84649.5,6333.970215,93.7071991,3821.444179,76.02521636,2297.019582,45.6977526,224,2638,Moderately served,0
3957,4371,8328,15,115,0,2,1,5,3497.610107,82.0333023,32.6775017,1519,1519.310059,49.7537994,113192,2577.800049,94.4056015,6795.67993,135.1957566,1623.332172,32.29516743,28,148,Moderately served,0
3386,3651,7037,15,113,1,0,1,8,2822.699951,76.5505981,32.3740997,1273.140015,1146.849976,54.7949982,107435,1849.300049,95.5973969,5875.684062,116.8930203,4450.926656,88.54837233,48,135,Moderately served,0
820,816,1636,19,134,1,8,0,10,2212.280029,43.3473015,33.2546997,689.2650146,727.2459717,57.1193008,45983.60156,1312.26001,86.4641037,7396.683494,147.1523426,2418.184657,48.10825518,61,175,Adequately served,1
307,294,601,11,59,3,6,0,13,2822.070068,0.590168,33.6613998,1248.75,1380.619995,86.4298019,24951.30078,1297.219971,73.3011017,5833.118095,116.0461973,0,0,80,548,Underserved,-1
778,799,1577,19,102,0,0,0,7,2253.300049,4.1072302,44.9187012,1398.51001,1325.219971,85.1903,38249.39844,1342.030029,80.8892975,3742.180138,74.44830835,1896.88669,37.73736164,49,131,Underserved,-1
1499,1619,3118,15,64,3,1,1,12,5746.609863,50.5270004,35.3008995,3084.439941,3044.909912,90.6195984,33885.30078,3367.949951,89.4225998,4121.153728,81.98774839,1495.078664,29.74364495,37,363,Moderately served,0
412,440,852,15,147,7,2,0,10,5201.129883,47.1278992,32.4263,2052.550049,1962.439941,80.024498,42025.5,2759.040039,88.1143036,8690.906934,172.9000998,4003.521059,79.64752078,61,361,Moderately served,0
569,560,1129,15,84,0,1,0,7,2507.689941,2.0780301,36.9962997,1159.329956,1046.01001,82.2033005,24246.19922,1132.160034,76.4168015,5359.970046,106.633216,3814.186928,75.88083793,76,270,Underserved,-1
556,502,1058,15,149,1,2,0,11,3541.169922,6.3017602,38.9300003,1587.540039,1485.099976,86.8940964,28971.40039,1545.199951,76.3422012,7281.221818,144.8553055,4385.676385,87.25025943,42,364,Moderately served,0
6398,6465,12863,15,99,2,6,3,11,5240.640137,66.6042023,32.3576012,2405.840088,2225.899902,70.1452026,78106.5,3845.280029,89.8069992,7261.969445,144.4722917,0,0,76,338,Adequately served,1
8167,7601,15768,19,161,1,2,2,7,1910.619995,29.9067993,32.0032997,823.4190063,866.492981,85.0597,63620.30078,981.2310181,90.7865982,5933.857602,118.0503461,2065.049332,41.08285111,53,433,Moderately served,0
2567,3087,5654,15,278,3,2,4,7,3084.600098,47.8219986,31.5188999,1214.800049,1100.780029,82.824501,41574.39844,1695.619995,80.9730988,9048.592633,180.0160307,1357.715213,27.01088593,44,364,Moderately served,0
8174,8251,16425,15,149,10,2,1,1,1463.069946,61.3499985,33.6619987,668.1480103,647.4589844,79.5259018,95113.29688,915.1049805,94.4480972,8273.429787,164.5946559,1218.909571,24.24943542,65,279,Moderately served,0
5670,5508,11178,15,74,1,2,0,7,3087.949951,61.7470016,32.8177986,1246.209961,1148.400024,62.2100983,67909.5,1954.979981,92.6632004,6334.151303,126.0139363,3124.622657,62.16239265,27,176,Adequately served,1
2524,2420,4944,15,80,0,11,0,8,956.1729736,15.3136997,33.3740997,397.7489929,424.7359924,82.3435974,44283.39844,536.0280151,71.1175995,4812.528784,95.7422181,3922.585785,78.03736468,41,293,Moderately served,0
15450,15607,31057,23,101,0,5,2,15,4885.549805,72.5171967,32.9216995,2851.530029,3261.560059,90.1666031,98751,4005.379883,94.802803,2752.171897,54.75272021,4667.265998,92.8523068,248,830,Moderately served,0
5990,6212,12202,15,132,4,10,9,9,4414.100098,76.6966019,31.4118004,2128.780029,2072.929932,72.6154022,95646.79688,3188.719971,96.1480026,6558.524366,130.4776965,643.7906798,12.80780863,95,633,Moderately served,0
15064,16579,31643,19,96,4,6,2,19,6140.52002,63.5932007,30.6924,2752.110107,2640,77.1960983,79072.70313,4337.629883,94.5292969,6034.127183,120.045146,2370.460899,47.15882118,96,675,Moderately served,0
20456,24733,45189,19,104,9,12,84,28,8188.939941,72.1163025,37.7890015,5350.180176,5542.27002,90.4213028,92013.20313,5597.339844,93.9805984,3011.696522,59.91579857,2155.161775,42.8755812,254,1958,Moderately served,0
1266,1062,2328,11,135,7,1,1,5,1846.209961,24.1023998,37.4757004,745.867981,809.5980225,80.4888,51877,1246.479981,95.1164017,5349.686388,106.4286291,1269.70758,25.26002971,35,146,Moderately served,0
9053,8996,18049,11,126,0,3,0,7,3891.27002,85.7595978,31.5259991,1907.229981,1882.689941,63.2905998,121603,2912.449951,96.1047974,7494.369371,149.0957413,3443.645902,68.50915845,42,247,Moderately served,0
22480,21849,44329,19,207,6,7,3,16,6648.669922,90.112999,36.5312004,4528.299805,4336.279785,90.3906021,96103.39844,5264.77002,95.5894012,7332.111397,145.8677215,5816.089684,115.7074278,148,535,Moderately served,0
6996,6568,13564,11,90,1,5,1,6,4519.439941,83.1934967,33.1789017,2195.209961,2115.209961,71.030098,108932,2718.159912,93.6687012,5435.868638,108.1431705,2609.282783,51.91003161,25,181,Moderately served,0
19899,20282,40181,23,48,0,0,0,0,740.5939941,28.9487,33.7000008,321.6820068,295.4179993,88,67027,358.1900024,98.5438995,2873.444096,57.16535394,2625.208174,52.22685719,85,10,Moderately served,0
473,427,900,15,87,1,10,1,6,2351.350098,52.6521988,30.1522007,764.3439941,778.2479858,73.0793991,29567.40039,1175.589966,80.8026962,5586.81922,111.1462369,545.1239566,10.84489654,49,245,Moderately served,0
2323,2246,4569,11,321,4,6,0,9,4302.439941,42.1285019,32.9458008,1564.180054,1565.819946,73.3242035,37609.5,2144.820068,87.516098,9703.321557,193.0414488,3416.596459,67.97102687,50,249,Moderately served,0
23455,22333,45788,31,291,10,33,7,34,2536.590088,48.4007988,30.9013996,922.8930054,1132.189941,95.4972992,82683.20313,1541.52002,93.1486969,6764.6613,134.5786605,5847.456321,116.3314472,232,1402,Moderately served,0
6956,6868,13824,15,171,0,8,2,7,1012.090027,44.2126999,26.2730007,316.1130066,304.8420105,74.7686005,92105,573.5109863,87.1500015,9298.157341,184.9809628,1631.539537,32.45844778,351,147,Moderately served,0
4362,4487,8849,15,141,1,4,0,4,2655.27002,59.9151001,32.4770012,1107.209961,943.632019,64.7567978,78074.5,1661.920044,91.947403,8247.377934,164.0763707,2687.244011,53.46102096,26,198,Moderately served,0
18580,18891,37471,23,831,1,38,5,21,1816.630005,63.9942017,23.1102009,291.2219849,425.605011,84.5353012,135940,968.8809814,90.4405975,12385.71187,246.4059085,1790.712323,35.62508973,198,1334,Moderately served,0
26853,27116,53969,27,617,7,19,12,31,2635.909912,50.8684006,30.0373993,1110.859985,1279.119995,96.4665985,81971,1715.319946,93.1421967,10047.99104,199.8984302,6606.38058,131.4297657,234,1069,Moderately served,0
17339,17769,35108,23,604,8,16,9,25,2642.399902,49.9958992,31.3631992,1051.729981,1224.949951,94.9877014,87149.70313,1640.550049,93.1905975,9449.658838,187.9949893,4631.300436,92.13679467,248,892,Moderately served,0
1972,1884,3856,11,177,1,0,0,10,2617.27002,5.6985898,36.8238983,1583.780029,1671.089966,88.7695999,44889.80078,1719.630005,88.8691025,6619.189039,131.6845819,4957.875616,98.63380144,21,192,Moderately served,0
419,412,831,11,91,2,2,1,7,2374.879883,66.6252975,34.6254997,954.7880249,911.6329956,60.7513008,55404.19922,1149.079956,87.9849014,6790.548068,135.0936614,826.3724698,16.44015793,24,103,Moderately served,0
5032,4843,9875,15,62,1,12,82,13,1060.229981,43.7167015,25.5807991,364.7269897,289.8150024,76.4049988,27653.90039,480.2749939,94.370903,4373.287011,87.00378067,3193.330511,63.52929197,59,140,Moderately served,0
8649,8916,17565,19,240,2,5,4,12,4955.390137,67.9315033,31.0589008,2496.159912,2298.689941,84.2528992,49995.19922,3044.360107,92.3220978,8004.927808,159.2529787,6069.272987,120.7443496,75,433,Moderately served,0
2808,3010,5818,15,123,0,2,0,5,2387.209961,19.6229992,44.7162018,1190.219971,1157.650024,75.5111008,60416.19922,1278.650024,85.5371017,6345.793852,126.2455574,4221.39158,83.98191708,58,222,Moderately served,0
1443,1538,2981,15,248,0,5,2,12,2490.280029,2.78703,36.1435013,1023.429993,1049.560059,81.2858963,37071.69922,1168.369995,76.4412994,7049.592839,140.2471934,2804.322645,55.79022636,23,329,Moderately served,0
13089,10935,24024,19,1188,2,15,14,22,4652.899902,62.7672005,32.4625015,2806.409912,3160.699951,88.8335037,101051,3091.75,95.2369995,14012.59103,278.7716411,4001.057729,79.59851439,361,1539,Moderately served,0
45746,50606,96352,39,255,1,3,1,5,3212.030029,91.8582993,50.9880981,2143.899902,1960,86.884697,108423,1976.52002,96.2826996,8092.633196,160.997822,8663.184508,172.3485797,104,118,Moderately served,0
21584,22933,44517,23,172,5,9,3,19,6838.379883,54.6304016,33.1267014,3636.719971,3779.149902,88.6201019,77877.89844,4581.439941,95.8702011,6297.225427,125.2793193,4459.370116,88.71634962,162,985,Moderately served,0
16899,16780,33679,23,126,0,3,0,11,1820.73999,77.4179993,31.7429008,865.6079712,869.1290283,70.1406021,101523,1219.130005,95.9350967,4755.779028,94.61321758,2990.728736,59.49865772,227,123,Moderately served,0
4008,3810,7818,23,337,0,13,2,13,1243.410034,48.6394997,26.6879997,449.9410095,436.019989,76.8070984,77514.89844,769.9530029,89.2725983,11992.28335,238.5788968,4994.219175,99.35683358,365,129,Moderately served,0
7955,8266,16221,19,178,0,1,1,9,2045.209961,69.611702,33.6688004,993.9069824,1051.650024,73.0500031,108546,1585.119995,93.6537018,7027.800682,139.8136522,3232.484272,64.30823129,233,248,Moderately served,0
6851,7521,14372,15,68,3,3,2,7,911.8060303,45.2448997,25.6000004,258.4169922,246.3170013,72,101298,514.5300293,86.3382034,4032.124434,80.21656686,5204.196463,103.534199,399,739,Moderately served,0
19973,17482,37455,27,108,1,2,0,13,4337.200195,60.1882019,32.7508011,2061.399902,2626.209961,87.7303009,109220,3779.969971,96.6908035,4653.25224,92.57351193,4777.118595,95.03775477,215,546,Moderately served,0
13410,13829,27239,31,770,4,20,16,38,2052.229981,53.9698982,27.5611,811.7600098,992.0230103,97.4164963,74405.79688,1419.52002,96.0567017,10393.14529,206.7650559,7608.325395,151.3628244,296,2624,Moderately served,0
12339,11041,23380,27,136,6,22,2,24,5031.220215,63.7192001,29.2325001,2288.76001,2374.629883,90.3367004,92038.20313,3451.300049,93.7335968,5891.2791,117.2032737,6322.395776,125.7800675,219,1391,Moderately served,0
13536,13626,27162,19,75,2,10,8,24,6050.279785,70.6969986,30.5855999,3419.290039,3781.76001,94.8348007,81112,4814.129883,93.6091003,2529.701805,50.32681835,5375.426685,106.940716,327,1119,Moderately served,0
23717,24783,48500,31,1134,2,18,24,29,4305.910156,64.3340988,34.0491982,2598.070068,2582.129883,91.6765976,96108,2596.669922,94.6395035,13482.75002,268.230789,4031.172079,80.19762035,417,1942,Moderately served,0
12915,13107,26022,23,110,0,5,24,5,5394.399902,86.8640976,28.8654995,2855.639893,2750.25,78.9781036,103775,4553.950195,95.4748001,6462.86757,128.574665,1147.679396,22.83235611,43,309,Moderately served,0
6935,6867,13802,23,579,1,4,1,25,1671.23999,66.1231995,31.5286999,839.8250122,834.8480225,86.5792007,121230,1292.550049,95.0931015,8958.614562,178.2259738,5362.992775,106.6933512,257,531,Moderately served,0
18386,19475,37861,23,44,0,9,8,13,5488.430176,84.2166977,29.2696991,2930.229981,2769.280029,81.9886017,107514,4724.52002,95.0407028,4906.447438,97.61067036,1304.481658,25.95183801,98,634,Moderately served,0
7608,7355,14963,15,181,1,7,0,13,4503.779785,74.3658981,31.2215004,1937.229981,1901.689941,72.2562027,100260,3089.820068,94.6285019,8233.639835,163.8030599,3015.995159,60.00131723,102,355,Moderately served,0
10002,10034,20036,19,150,2,5,5,14,5562.229981,72.4798965,32.5317993,3264.899902,3820.810059,90.3024979,102223,4761.560059,94.254097,4659.21953,92.69222739,4428.992639,88.11200893,206,687,Moderately served,0
21761,22342,44103,23,37,6,15,8,26,8627.179688,71.3114014,33.7056999,5543.310059,5469.220215,93.0727997,85936.5,6108.819824,93.1481018,1492.6869,29.69606233,3887.153918,77.33247008,288,2016,Moderately served,0
11802,13072,24874,15,47,2,6,3,8,4236.669922,91.0017014,27.7152996,1954.859985,1873.810059,76.0891037,106920,3061.889893,96.6436996,5567.29278,110.7577707,2822.559122,56.15302956,45,288,Moderately served,0
4392,4561,8953,15,50,5,9,1,13,7625.819824,46.6018982,38.6095009,3154.899902,2910.360107,84.177803,33515.89844,3692.100098,86.2811966,4833.184799,96.15315646,1882.048103,37.44215735,83,604,Moderately served,0
4886,4900,9786,19,93,1,3,3,6,1314.459961,30.5168991,34.9758987,638.9359741,656.3989868,88.674202,47007.5,733.7780151,80.1998978,6198.225364,123.3097756,2544.901626,50.62920919,87,359,Underserved,-1
11261,10515,21776,19,121,5,6,0,10,6580.029785,68.3751984,32.1708984,3449.600098,3263.310059,82.6317978,92159.70313,4620.910156,91.3317032,6700.459755,133.3014114,714.736113,14.21922317,76,526,Moderately served,0
177,169,346,15,19,4,6,0,8,2254.77002,1.15646,31.0447006,880.0159912,826.9439697,84.1729965,27394.5,1027.73999,74.816803,4098.041762,81.52795044,753.1219626,14.98288539,42,497,Underserved,-1
577,572,1149,15,65,0,6,0,6,1776.449951,11.0932999,35.8885994,728.4650269,747.914978,82.0543976,40414.5,858.710022,83.7473984,4985.99414,99.19320171,1837.13025,36.54854504,19,241,Underserved,-1
169,157,326,15,168,1,0,0,12,1484.729981,0.481179,29.2793007,533.8430176,486.5740051,88.4135971,26977.5,526.4639893,68.7391968,8420.381716,167.5181716,4311.671477,85.77797856,41,286,Moderately served,0
4982,4826,9808,19,254,1,15,3,5,2356.780029,49.8049011,26.4648991,819.2299805,746.1929932,82.2682037,53711,1112.400024,88.7440033,8146.485752,162.0691845,4410.092333,87.73599929,16,99,Moderately served,0
7944,8167,16111,19,592,1,16,2,7,1072.209961,66.8643036,23.0932007,171.7969971,150.2910004,71.7494965,86863.70313,438.9710083,87.009201,12829.4045,255.2328929,5695.649665,113.3113498,17,41,Moderately served,0
855,782,1637,15,209,0,1,17,5,674.7440186,26.3750992,26.0456009,157.576004,144.878006,74.7957993,57648.10156,252.2050018,81.6264038,8493.951878,168.9818035,2931.995715,58.33020139,38,108,Moderately served,0
1885,1540,3425,15,250,1,4,0,6,1673.369995,64.5635986,32.7420998,640.7969971,619.8759766,82.2724991,99162.39844,792.9780273,91.3184967,8220.354974,163.538766,5461.691449,108.656899,48,59,Moderately served,0
4136,4036,8172,27,162,1,3,1,7,2328.689941,51.8176994,39.112999,1306.319946,1232.660034,86.8394012,42760.30078,1130.839966,92.4005966,7407.638232,147.3702802,3901.365312,77.61519678,127,122,Moderately served,0
513,547,1060,19,64,0,3,0,11,3453.800049,5.37603,30.7805004,1381.709961,1300.069946,85.0466003,24607.40039,1335.839966,74.2394028,5510.286575,109.6236683,17.14310724,0.341051282,46,622,Moderately served,0
4094,4277,8371,19,293,0,3,1,11,2947.429932,33.1902008,24.3533001,906.9780273,795.4379883,79.5848999,34993.5,1214.069946,82.2522964,10223.82433,203.3965225,2506.614222,49.86750549,14,141,Moderately served,0
3875,4017,7892,11,60,1,1,0,5,4409.299805,87.539299,31.8272991,1980,1973.98999,62.0340004,101518,3359.419922,96.6965027,6158.343492,122.516351,1575.705043,31.3476558,24,127,Adequately served,1
4525,4288,8813,11,121,0,3,0,4,4515.399902,85.3290024,31.1634998,2181.199951,2065.669922,62.7252007,97758.29688,3190.199951,94.8251038,7766.997332,154.5195023,1383.536155,27.52457725,30,235,Moderately served,0
13260,13815,27075,19,26,2,3,1,11,11016.2002,81.5056992,30.3871994,7135.569824,7098.069824,89.6762009,58126.89844,8652.429688,96.4210968,4638.914486,92.28827137,1840.614212,36.61785627,88,612,Moderately served,0
13670,11729,25399,19,104,1,11,3,12,9565.349609,91.9252014,43.544899,6849.560059,6564.399902,91.3479996,87101.20313,7229.080078,94.2982025,4984.65757,99.16661149,4387.951514,87.29552168,78,423,Moderately served,0
8999,8376,17375,19,131,1,5,0,6,4880.029785,89.9782028,29.2345009,2510.5,2475.060059,75.7100983,95916.39844,3569.040039,95.8720016,6500.276708,129.3188962,3244.664867,64.55055654,43,272,Moderately served,0
11880,11874,23754,15,23,3,4,1,17,8592.799805,82.4916,33.0574989,5715.259766,5430.52002,91.1931,66008.5,6944.77002,95.7025986,4234.185676,84.23644754,1661.992736,33.06429492,81,633,Moderately served,0
10130,10353,20483,15,41,4,5,0,14,10018.90039,77.8695984,32.7812996,6535.549805,6093.580078,88.3625031,64782.89844,7734,93.6892014,4491.402589,89.35361543,1639.137922,32.60961285,79,521,Moderately served,0
5020,5020,10040,15,65,1,9,16,7,4474.930176,66.3470993,31.2376003,2011.339966,1970.969971,75.9993973,57791.69922,3069.48999,91.2637024,5152.271231,102.5011793,1712.585767,34.07081128,36,450,Moderately served,0
5953,5778,11731,15,23,3,7,0,11,6060.790039,69.1406021,32.3792,3584.040039,3565.659912,94.3173981,42870.39844,4023.300049,88.4007034,3633.214326,72.28050241,807.3758356,16.0622319,63,373,Moderately served,0
6580,7345,13925,15,43,4,6,2,0,2271.409912,81.9614029,29.7833996,841.677002,774.848999,56.6180992,95633.29688,1220.599976,92.2647018,4130.662737,82.1769241,2485.436953,49.44619711,37,249,Adequately served,1
11936,12425,24361,19,66,0,1,0,3,5011.720215,86.2416,29.2737999,2303.070068,2216.800049,70.6654968,106226,3919.139893,95.3569031,6373.88711,126.804455,1140.470001,22.68892975,46,163,Moderately served,0
3212,3174,6386,11,59,1,4,0,6,4316.709961,87.5700989,31.4943008,1870.849976,1933.859985,59.2804985,100813,3250.540039,96.5803986,6134.656843,122.0451201,1266.229704,25.19083956,36,155,Adequately served,1
10534,10313,20847,15,59,3,5,0,3,5267.009766,86.5762024,28.9433002,2389.060059,2324.600098,69.3674011,106291,4200.600098,95.9251022,5868.719707,116.7544689,1612.105022,32.07181038,49,207,Moderately served,0
7963,7943,15906,15,47,0,8,2,4,5602.979981,90.5456009,29.0531006,2709.159912,2576.600098,70.7172012,118979,4687.740234,96.0707016,5993.68631,119.2406004,144.5286379,2.875305893,33,264,Moderately served,0
9746,9760,19506,15,66,2,6,2,9,3795.919922,87.5465012,28.7835999,1768.150024,1695.390015,74.7636032,104339,2552.110107,95.9813004,5592.445494,111.258168,2895.171468,57.59760628,40,334,Moderately served,0
6977,6807,13784,19,161,0,3,4,10,3758.879883,85.9664993,31.3728008,1799.310059,1858.530029,66.8124008,127600,2861.050049,95.5755005,6386.092491,127.0472734,1819.729301,36.20236416,86,407,Moderately served,0
8241,8511,16752,15,54,0,6,3,10,3096.629883,90.1849976,28.7978992,1369.609985,1304.890015,74.7554016,105226,2130.479981,96.2306976,5551.912214,110.4517841,3893.789251,77.46447583,54,197,Moderately served,0
2770,2618,5388,19,117,2,3,0,11,4664.830078,62.5839005,31.7350998,1958.880005,1963.51001,83.8933029,53016,2840.919922,94.384903,7415.483489,147.5263566,2386.176792,47.47147893,42,320,Moderately served,0
13065,14127,27192,23,209,4,5,14,17,10830.40039,79.9606018,31.9060993,6977.459961,6879.490234,89.9026031,72717.39844,8184.839844,97.3567963,7051.738346,140.2898769,3660.589915,72.82512246,95,526,Moderately served,0
15417,18002,33419,27,51,1,3,0,10,5443.649902,89.664299,28.3013,2827.820068,2637.939941,81.879097,92927.89844,4766.220215,95.6264038,4850.063562,96.48894878,1731.466497,34.44643147,76,628,Moderately served,0
12,16,28,15,54,1,2,0,10,2286.139893,0.405716,30.4454994,750.8309937,730.7880249,83.3528976,22131.40039,956.257019,60.6244011,5747.083859,114.3346006,1085.944747,21.6041843,41,396,Moderately served,0
121,68,189,15,31,0,0,5,9,1062.140015,0.669164,30.7989998,433.6629944,402.7070007,96.1678009,12140.2002,339.6669922,46.7327003,2085.921918,41.49809802,0,0,274,212,Underserved,-1
10632,10988,21620,15,111,0,0,0,1,1092.890015,4.5837102,33.4684982,621.2490234,685.84198,85.9309998,43307.60156,723.3510132,84.3744965,3333.905147,66.3259355,2567.185603,51.07253481,47,59,Moderately served,0
11886,11490,23376,19,91,0,9,0,6,4861.77002,88.3264008,29.2765999,2222.23999,2113.780029,68.5407028,111928,3666.159912,96.3905029,6373.860711,126.8039298,2775.452103,55.21586519,47,144,Moderately served,0
8722,8327,17049,15,217,0,5,2,9,5117.109863,88.7270966,29.6798992,2478.159912,2418.570068,66.6964035,111411,3677.610107,95.9524002,7462.130497,148.4543693,3820.097626,75.99842753,57,174,Adequately served,1
5933,5748,11681,15,51,0,8,3,8,4789.649902,88.4532013,29.3208008,2215.729981,2181.379883,69.310997,112665,3740.979981,95.7595978,5491.273843,109.245422,1611.998608,32.06969334,41,179,Moderately served,0
13497,13911,27408,15,127,0,3,17,14,6568.609863,83.1883011,40.0164986,4350.430176,4508.52002,89.4065018,71178.39844,4616.839844,95.9487,5393.054467,107.2914096,5021.070227,99.89101828,59,132,Moderately served,0
12648,12738,25386,15,52,2,3,18,12,7122.509766,80.9766998,29.4209003,4131.27002,4100.209961,88.777298,74660.20313,5720.109863,96.8740997,5029.040603,100.0495839,2859.679852,56.89152302,76,737,Moderately served,0
3056,3042,6098,11,88,3,12,11,6,3946.229981,65.2678986,30.5578995,1740.569946,1685.589966,71.4156036,73682,2826.199951,92.5087967,6296.436963,125.2636333,177.5429904,3.532105567,95,427,Moderately served,0
7960,8087,16047,15,218,6,4,2,10,4484.479981,80.887001,31.6571007,2195.919922,2140.909912,68.427597,116114,3375.25,95.8197021,8107.826029,161.3000738,2492.016951,49.577102,75,612,Moderately served,0
12999,14690,27689,15,152,7,4,2,10,3623.939941,63.9631004,32.4516983,1834.890015,2034.900024,88.5332031,103073,2850.52002,96.0643005,6926.680366,137.8019274,4921.457218,97.90928043,436,662,Moderately served,0
387,400,787,11,48,6,4,0,14,4870.959961,3.0396399,41.7612991,2446.080078,2454.129883,88.8404007,31336,2264.449951,84.6984024,3629.84943,72.21355993,824.9751247,16.41235863,48,550,Moderately served,0
88,91,179,19,64,0,0,0,4,1373.209961,1.91433,39.4067993,675.1389771,627.4450073,92.6519012,21441.5,517.125,78.6194992,4222.483291,84.00363598,482.6027039,9.601075735,3,154,Underserved,-1
16541,17382,33923,27,188,2,0,2,5,3142.98999,58.4446983,33.4785995,1645.579956,1898.099976,85.736702,106292,2460.25,91.7770996,6807.502743,135.430964,2547.74847,50.68584534,40,294,Moderately served,0
22609,23159,45768,27,625,5,57,20,44,2096.560059,58.2142982,29.6497002,769.3330078,925.5609741,95.6090012,87307.79688,1366.069946,94.5535965,8927.526972,177.6075059,7593.394206,151.0657778,243,3665,Moderately served,0
8702,6858,15560,19,93,1,13,7,19,7361.049805,70.8453979,31.1296005,4057.889893,4002,94.6320038,48927,4616.310059,95.308197,5856.670084,116.5147492,4075.965453,81.08875622,115,443,Moderately served,0
18356,19742,38098,23,312,6,11,10,34,6549.700195,65.2020035,32.8370018,3965.639893,3778.23999,91.1175995,89908.79688,4068.070068,91.8840027,6812.707223,135.5345038,5172.674356,102.9070866,384,2543,Moderately served,0
16623,16374,32997,27,1049,5,35,28,38,3213.909912,64.2684021,33.4267006,1743.52002,1704.160034,94.4803009,88492.5,1977.229981,93.7228012,13220.07851,263.0051054,6635.562279,132.0103171,333,4093,Moderately served,0
11230,10329,21559,15,789,0,36,3,20,2635.959961,62.2657013,25.0911007,686.3579712,872.6859741,85.4262009,118169,1504.280029,91.7099991,11423.47849,227.2628835,2899.661857,57.68693972,227,1282,Moderately served,0
2542,2804,5346,11,37,2,4,0,18,2328.409912,13.0901003,45.2498016,1120.689941,1055.790039,92.9145966,27971,830.2520142,90.9746017,3375.715276,67.15772158,2875.455762,57.20537478,108,373,Moderately served,0
26005,27393,53398,43,1068,3,33,29,31,3559.570068,67.9926987,37.4502983,2000.449951,1931.209961,93.4513016,96592.39844,2152.189941,93.0709,13419.30979,266.9686858,3487.467372,69.38095888,306,3644,Moderately served,0
10770,10268,21038,15,323,10,41,12,36,2295.820068,49.642601,29.4249001,830.5050049,1032.150024,96.2284012,79808.29688,1449.170044,94.2410965,6449.438815,128.3075084,6548.58263,130.279912,202,1637,Moderately served,0
12350,12078,24428,19,58,1,15,5,12,7739.359863,64.0423965,32.5313988,3969.560059,4182.390137,89.3125992,83074.60156,5348.759766,95.0117035,4065.965055,80.88980462,3920.065968,77.9872345,95,855,Moderately served,0
8122,8334,16456,23,147,3,31,5,21,6381.169922,64.1311035,31.0643997,2938.300049,3130.219971,88.1948013,90494.39844,4124.720215,93.6684036,5588.054767,111.1708173,5723.095947,113.8573762,238,1095,Moderately served,0
1468,1245,2713,23,71,0,3,0,7,2622.389893,60.6066017,33.4210014,949.8109741,920.1970215,54.6599007,58246.39844,1621.300049,91.0926971,4839.647789,96.28173355,1053.805866,20.96480159,262,236,Adequately served,1
343,359,702,15,79,1,2,0,12,3377.139893,66.5423965,36.6455994,1261.979981,1231.150024,62.9650993,47973.19922,1876.959961,92.2358017,6577.80194,130.8612117,845.661694,16.82390485,42,181,Adequately served,1
1202,1433,2635,19,68,1,1,1,4,2316.370117,64.5824966,38.4555016,929.4050293,957.0939941,70.3516998,49898.60156,1314.939941,91.9787979,4926.053298,98.00071653,2035.054907,40.486131,54,109,Moderately served,0
1780,1844,3624,15,59,0,8,3,6,3617.389893,77.8704987,36.5932999,1548.229981,1487.449951,66.3921967,84330.89844,1946.709961,95.4932022,5726.325385,113.9216239,0,0,90,118,Moderately served,0
1073,1173,2246,15,176,3,6,1,6,4943.879883,55.9272995,32.6250992,1763.219971,1713.400024,66.1952972,47200.89844,2910.810059,92.7344971,7935.58777,157.8735025,1886.906712,37.5388163,116,289,Moderately served,0
1185,1150,2335,15,81,3,6,1,6,3858.909912,59.9569016,33.5147018,1406.689941,1470.98999,65.7932968,50002.39844,2430.810059,88.4308014,6386.465233,127.0546888,804.4864544,16.00474948,117,208,Moderately served,0
869,734,1603,19,41,2,2,1,9,2517,72.4380035,36.5069008,1215.439941,1250.390015,76.7197037,46818.5,1560.589966,93.8421021,4064.186426,80.85441992,0,0,264,252,Moderately served,0
2298,2306,4604,15,106,1,4,3,9,3152.419922,81.3759003,35.8412018,1528.76001,1567.579956,68.2132034,81830.29688,2349.409912,94.2639008,6948.366347,138.2333563,905.4429428,18.013215,46,148,Moderately served,0
1523,1500,3023,15,111,1,0,3,5,2880.25,77.7322006,36.9329987,1345.349976,1355.660034,64.0802002,75389.39844,1937.780029,94.8659973,6666.469943,132.6252055,3172.57663,63.11640662,20,87,Adequately served,1
1011,1120,2131,15,45,5,3,0,4,6564.169922,52.7066002,31.2280006,2173.610107,2163.77002,72.4337006,44304.19922,3424.090088,88.0908966,5387.586572,107.1826293,807.8045251,16.0707604,52,306,Moderately served,0
1672,1582,3254,15,62,1,2,2,14,4835.060059,64.0988998,34.9473,1950.630005,1896.52002,77.3350983,51558.69922,2662.159912,87.5780029,5209.079111,103.6313362,1694.343887,33.70790062,112,201,Moderately served,0
855,872,1727,15,202,1,5,0,7,3241.620117,61.8073997,29.5231991,1027.630005,940.8909912,62.9538994,49997.39844,1866.02002,92.6528015,6553.125896,130.3702974,3097.153756,61.61591622,35,164,Moderately served,0
1925,1855,3780,15,197,0,6,13,5,2510.909912,59.5371017,36.6427002,934.8280029,821.6500244,69.1728973,63390.80078,1249.540039,92.3479004,7567.493609,150.5505018,3590.775119,71.43620121,23,121,Moderately served,0
1079,1088,2167,15,37,11,3,0,6,6320.399902,51.6655998,30.8241997,2164.729981,2181.090088,73.7372971,52821.60156,3729.429932,91.2966003,4991.658903,99.30589859,1876.039871,37.32262736,56,340,Moderately served,0
1134,1323,2457,11,118,4,2,0,4,4400.879883,64.2372971,33.1515007,1716.540039,1798.150024,68.2783966,73092.10156,3166.110107,92.1826019,6691.225441,133.1177005,3644.941778,72.51381265,26,171,Moderately served,0
1587,1700,3287,15,55,11,5,0,11,6814.779785,49.5676994,29.7605,2175.899902,2139.129883,70.906601,49676.80078,4007.469971,92.1542969,5718.21628,113.7602983,3368.271403,67.00963044,59,455,Moderately served,0
1457,1486,2943,15,77,6,1,0,6,4364.529785,74.3741989,34.2112007,1986.119995,1933.23999,72.5067978,69992.89844,3025.649902,93.0817032,5803.59241,115.4588025,1363.983625,27.13559202,34,239,Moderately served,0
2658,2776,5434,15,93,5,3,0,6,4181.390137,77.3106995,35.1799011,2009.339966,1959.410034,74.8447037,75245.89844,2985.280029,94.1513977,6900.928137,137.2896031,2173.880226,43.24797297,30,187,Moderately served,0
1222,1180,2402,11,65,6,3,0,6,6943.350098,45.3493004,30.2495995,2037.560059,2019.969971,67.3900986,47360.60156,3734.48999,90.3638,6583.055094,130.9657198,1158.040996,23.03849361,53,348,Moderately served,0